driver_id,forename,surname,year,dob,nationality,ability,ability_original,ability_best
1,Lewis,Hamilton,1985,1985-01-07,British,68,68,68
30,Michael,Schumacher,1969,1969-01-03,German,67,67,67
579,Juan,Fangio,1911,1911-06-24,Argentine,67,67,67
117,Alain,Prost,1955,1955-02-24,French,66,66,66
20,Sebastian,Vettel,1987,1987-07-03,German,66,66,66
102,Ayrton,Senna,1960,1960-03-21,Brazilian,66,66,66
328,Jackie,Stewart,1939,1939-06-11,British,65,65,65
137,Nelson,Piquet,1952,1952-08-17,Brazilian,65,65,65
182,Niki,Lauda,1949,1949-02-22,Austrian,65,65,65
356,Jack,Brabham,1926,1926-04-02,Australian,65,65,65
830,Max,Verstappen,1997,1997-09-30,Dutch,64,64,64
4,Fernando,Alonso,1981,1981-07-29,Spanish,64,64,64
289,Graham,Hill,1929,1929-02-15,British,64,64,64
224,Emerson,Fittipaldi,1946,1946-12-12,Brazilian,64,64,64
373,Jim,Clark,1936,1936-03-04,British,64,64,64
57,Mika,Häkkinen,1968,1968-09-28,Finnish,63,63,63
647,Alberto,Ascari,1918,1918-07-13,Italian,63,63,63
95,Nigel,Mansell,1953,1953-08-08,British,63,63,63
8,Kimi,Räikkönen,1979,1979-10-17,Finnish,63,63,63
71,Damon,Hill,1960,1960-09-17,British,63,63,63
3,Nico,Rosberg,1985,1985-06-27,German,63,63,63
222,Jody,Scheckter,1950,1950-01-29,South African,62,62,62
642,Nino,Farina,1906,1906-10-30,Italian,62,62,62
18,Jenson,Button,1980,1980-01-19,British,62,62,62
341,John,Surtees,1934,1934-02-11,British,62,62,62
35,Jacques,Villeneuve,1971,1971-04-09,Canadian,62,62,62
304,Denny,Hulme,1936,1936-06-18,New Zealander,62,62,62
178,Alan,Jones,1946,1946-11-02,Australian,62,62,62
578,Mike,Hawthorn,1929,1929-04-10,British,61,61,61
358,Jochen,Rindt,1942,1942-04-18,Austrian,61,61,61
177,Keke,Rosberg,1948,1948-12-06,Finnish,61,61,61
207,Mario,Andretti,1940,1940-02-28,American,61,61,61
403,Phil,Hill,1927,1927-04-20,American,61,61,61
231,James,Hunt,1947,1947-08-29,British,61,61,61
22,Rubens,Barrichello,1972,1972-05-23,Brazilian,61,61,61
822,Valtteri,Bottas,1989,1989-08-28,Finnish,61,61,61
238,Ronnie,Peterson,1944,1944-02-14,Swedish,60,60,60
235,Jacky,Ickx,1945,1945-01-01,Belgian,60,60,60
14,David,Coulthard,1971,1971-03-27,British,60,60,60
199,Carlos,Reutemann,1942,1942-04-12,Argentine,60,60,60
360,Bruce,McLaren,1937,1937-08-30,New Zealander,60,60,60
119,Riccardo,Patrese,1954,1954-04-17,Italian,60,60,60
815,Sergio,Pérez,1990,1990-01-26,Mexican,60,60,60
13,Felipe,Massa,1981,1981-04-25,Brazilian,60,60,60
223,Clay,Regazzoni,1939,1939-09-05,Swiss,60,60,60
479,Tony,Brooks,1932,1932-02-25,British,59,59,59
498,José Froilán,González,1922,1922-10-05,Argentine,59,59,59
49,Heinz-Harald,Frentzen,1967,1967-05-18,German,59,59,59
105,Michele,Alboreto,1956,1956-12-23,Italian,59,59,59
844,Charles,Leclerc,1997,1997-10-16,Monegasque,59,59,59
56,Eddie,Irvine,1965,1965-11-10,British,59,59,59
202,Didier,Pironi,1952,1952-03-26,French,59,59,59
203,Gilles,Villeneuve,1950,1950-01-18,Canadian,59,59,59
476,Wolfgang,von Trips,1928,1928-05-04,German,59,59,59
17,Mark,Webber,1976,1976-08-27,Australian,59,59,59
77,Gerhard,Berger,1959,1959-08-27,Austrian,58,58,58
31,Juan,Pablo Montoya,1975,1975-09-20,Colombian,58,58,58
817,Daniel,Ricciardo,1989,1989-07-01,Australian,58,58,58
327,François,Cevert,1944,1944-02-25,French,58,58,58
386,Richie,Ginther,1930,1930-08-05,American,58,58,58
173,Elio,de Angelis,1958,1958-03-26,Italian,58,58,58
581,Peter,Collins,1931,1931-11-06,British,58,58,58
608,Eugenio,Castellotti,1930,1930-10-10,Italian,58,58,58
163,René,Arnoux,1948,1948-07-04,French,58,58,58
641,Piero,Taruffi,1906,1906-10-12,Italian,58,58,58
577,Luigi,Musso,1924,1924-07-28,Italian,58,58,58
786,Luigi,Fagioli,1898,1898-06-09,Italian,57,57,57
172,Jacques,Laffite,1943,1943-11-21,French,57,57,57
23,Ralf,Schumacher,1975,1975-06-30,German,57,57,57
55,Jean,Alesi,1964,1964-06-11,French,57,57,57
364,Dan,Gurney,1931,1931-04-13,American,57,57,57
427,Maurice,Trintignant,1917,1917-10-30,French,57,57,57
21,Giancarlo,Fisichella,1973,1973-01-14,Italian,57,57,57
123,Thierry,Boutsen,1957,1957-07-13,Belgian,57,57,57
9,Robert,Kubica,1984,1984-12-07,Polish,57,57,57
385,Lorenzo,Bandini,1935,1935-12-21,Italian,57,57,57
175,Patrick,Tambay,1949,1949-06-25,French,57,57,57
554,Jean,Behra,1921,1921-02-16,French,57,57,57
65,Johnny,Herbert,1964,1964-06-25,British,56,56,56
847,George,Russell,1998,1998-02-15,British,56,56,56
627,Louis,Rosier,1905,1905-11-05,French,56,56,56
456,Roy,Salvadori,1922,1922-05-12,British,56,56,56
723,Rudi,Fischer,1912,1912-04-19,Swiss,56,56,56
832,Carlos,Sainz,1994,1994-09-01,Spanish,56,56,56
633,Luigi,Villoresi,1909,1909-05-16,Italian,56,56,56
140,Stefan,Johansson,1956,1956-09-08,Swedish,56,56,56
2,Nick,Heidfeld,1977,1977-05-10,German,56,56,56
278,Chris,Amon,1943,1943-07-20,New Zealander,56,56,56
306,Jean-Pierre,Beltoise,1937,1937-04-26,French,56,56,56
648,Karl,Kling,1910,1910-09-16,German,56,56,56
846,Lando,Norris,1999,1999-11-13,British,56,56,56
345,Pedro,Rodríguez,1940,1940-01-18,Mexican,55,55,55
84,Martin,Brundle,1959,1959-06-01,British,55,55,55
15,Jarno,Trulli,1974,1974-07-13,Italian,55,55,55
501,Harry,Schell,1921,1921-06-29,American,55,55,55
418,Masten,Gregory,1932,1932-02-29,American,55,55,55
626,Robert,Manzon,1917,1917-04-12,French,55,55,55
482,Olivier,Gendebien,1924,1924-01-12,Belgian,55,55,55
669,Prince,Bira,1914,1914-07-15,Thai,55,55,55
478,Hans,Herrmann,1928,1928-02-23,German,55,55,55
118,Derek,Warwick,1954,1954-08-27,British,55,55,55
154,Romain,Grosjean,1986,1986-04-17,French,55,55,55
848,Alexander,Albon,1996,1996-03-23,Thai,55,55,55
697,Felice,Bonetto,1903,1903-06-09,Italian,55,55,55
807,Nico,Hülkenberg,1987,1987-08-19,German,55,55,55
842,Pierre,Gasly,1996,1996-02-07,French,54,54,54
158,Eddie,Cheever,1958,1958-01-10,American,54,54,54
122,Ivan,Capelli,1963,1963-05-24,Italian,54,54,54
640,Toulo,de Graffenried,1914,1914-05-18,Swiss,54,54,54
826,Daniil,Kvyat,1994,1994-04-26,Russian,54,54,54
44,Olivier,Panis,1966,1966-09-02,French,54,54,54
686,Reg,Parnell,1911,1911-07-02,British,54,54,54
25,Alexander,Wurz,1974,1974-02-15,Austrian,54,54,54
589,Louis,Chiron,1899,1899-08-03,Monegasque,54,54,54
11,Takuma,Sato,1977,1977-01-28,Japanese,54,54,54
131,Stefano,Modena,1963,1963-05-12,Italian,54,54,54
486,Jack,Fairman,1913,1913-03-15,British,54,54,54
670,Onofre,Marimón,1923,1923-12-19,Argentine,54,54,54
825,Kevin,Magnussen,1992,1992-10-05,Danish,54,54,54
16,Adrian,Sutil,1983,1983-01-11,German,54,54,54
394,Giancarlo,Baghetti,1934,1934-12-25,Italian,53,53,53
170,Teo,Fabi,1955,1955-03-09,Italian,53,53,53
397,Peter,Arundell,1933,1933-11-08,British,53,53,53
857,Oscar,Piastri,2001,2001-04-06,Australian,53,53,53
87,Mark,Blundell,1966,1966-04-08,British,53,53,53
10,Timo,Glock,1982,1982-03-18,German,53,53,53
840,Lance,Stroll,1998,1998-10-29,Canadian,53,53,53
50,Jos,Verstappen,1972,1972-03-04,Dutch,53,53,53
808,Vitaly,Petrov,1984,1984-09-08,Russian,53,53,53
375,Ludovico,Scarfiotti,1933,1933-10-18,Italian,53,53,53
802,Dorino,Serafini,1909,1909-07-22,Italian,53,53,53
233,Hans-Joachim,Stuck,1951,1951-01-01,German,53,53,53
704,Yves,Cabantous,1904,1904-10-08,French,53,53,53
94,Pierluigi,Martini,1961,1961-04-23,Italian,53,53,53
541,Ron,Flockhart,1923,1923-06-16,British,53,53,53
663,Ken,Wharton,1916,1916-03-21,British,53,53,53
121,Michael,Andretti,1962,1962-10-05,American,52,52,52
695,Oscar,Gálvez,1913,1913-08-17,Argentine,52,52,52
155,Kamui,Kobayashi,1986,1986-09-13,Japanese,52,52,52
91,Karl,Wendlinger,1968,1968-12-20,Austrian,52,52,52
206,Derek,Daly,1953,1953-03-11,Irish,52,52,52
317,Reine,Wisell,1941,1941-09-30,Swedish,52,52,52
423,Gerhard,Mitter,1935,1935-08-30,German,52,52,52
742,Dennis,Poore,1916,1916-08-19,British,52,52,52
176,Marc,Surer,1951,1951-09-18,Swiss,52,52,52
818,Jean-Éric,Vergne,1990,1990-04-25,French,52,52,52
307,Howden,Ganley,1941,1941-12-24,New Zealander,52,52,52
43,Cristiano,da Matta,1973,1973-09-19,Brazilian,52,52,52
831,Felipe,Nasr,1992,1992-08-21,Brazilian,52,52,52
92,Bertrand,Gachot,1962,1962-12-23,Belgian,52,52,52
689,Alan,Brown,1919,1919-11-20,British,52,52,52
64,Pedro,Diniz,1970,1970-05-22,Brazilian,52,52,52
852,Yuki,Tsunoda,2000,2000-05-11,Japanese,52,52,52
41,Ricardo,Zonta,1976,1976-03-23,Brazilian,51,51,51
741,Philippe,Étancelin,1896,1896-12-28,French,51,51,51
67,Sébastien,Buemi,1988,1988-10-31,Swiss,51,51,51
32,Christian,Klien,1983,1983-02-07,Austrian,51,51,51
24,Vitantonio,Liuzzi,1980,1980-08-06,Italian,51,51,51
429,André,Pilette,1918,1918-10-06,Belgian,51,51,51
854,Mick,Schumacher,1999,1999-03-22,German,51,51,51
821,Esteban,Gutiérrez,1991,1991-08-05,Mexican,51,51,51
609,André,Simon,1920,1920-01-05,French,51,51,51
774,Eugène,Chaboud,1907,1907-04-12,French,51,51,51
185,Stefan,Bellof,1957,1957-11-20,German,51,51,51
96,Jean-Christophe,Boullion,1969,1969-12-27,French,51,51,51
841,Antonio,Giovinazzi,1993,1993-12-14,Italian,51,51,51
835,Jolyon,Palmer,1991,1991-01-20,British,51,51,51
7,Sébastien,Bourdais,1979,1979-02-28,French,51,51,51
849,Nicholas,Latifi,1995,1995-06-29,Canadian,51,51,51
624,Hernando,da Silva Ramos,1925,1925-12-07,Brazilian,51,51,51
743,Eric,Thompson,1919,1919-11-04,British,51,51,51
114,Yannick,Dalmas,1961,1961-07-28,French,50,50,50
353,Pete,Lovely,1926,1926-04-11,American,50,50,50
410,Neville,Lederle,1938,1938-09-25,South African,50,50,50
74,Esteban,Tuero,1978,1978-04-22,Argentine,50,50,50
661,Peter,Walker,1912,1912-10-07,British,50,50,50
51,Justin,Wilson,1978,1978-07-31,British,50,50,50
845,Sergey,Sirotkin,1995,1995-08-27,Russian,50,50,50
859,Liam,Lawson,2002,2002-02-11,New Zealander,50,50,50
773,Pierre,Levegh,1905,1905-12-22,French,50,50,50
622,Chico,Landi,1907,1907-07-14,Brazilian,50,50,50
858,Logan,Sargeant,2000,2000-12-31,American,50,50,50
239,Brett,Lunger,1945,1945-11-14,American,50,50,50
148,Gregor,Foitek,1965,1965-03-27,Swiss,50,50,50
721,Peter,Hirt,1910,1910-03-30,Swiss,50,50,50
735,Charles,de Tornaco,1927,1927-06-07,Belgian,50,50,50
29,Sakon,Yamamoto,1982,1982-07-09,Japanese,50,50,50
708,Duncan,Hamilton,1920,1920-04-30,British,50,50,50
390,Alan,Rees,1938,1938-01-12,British,50,50,50
837,Rio,Haryanto,1993,1993-01-22,Indonesian,50,50,50
778,Brian,Shawe Taylor,1915,1915-01-28,British,49,49,49
276,Bob,Evans,1947,1947-06-11,British,49,49,49
93,Domenico,Schiattarella,1967,1967-11-17,Italian,49,49,49
762,Franco,Rol,1908,1908-06-05,Italian,49,49,49
719,Albert,Scherrer,1908,1908-02-28,Swiss,49,49,49
788,Joe,Fry,1915,1915-10-26,British,49,49,49
463,Jay,Chamberlain,1925,1925-12-29,American,49,49,49
791,Clemente,Biondetti,1898,1898-08-18,Italian,49,49,49
717,Hans,von Stuck,1900,1900-12-27,German,49,49,49
709,Ernst,Klodwig,1903,1903-05-23,East German,49,49,49
750,Adolf,Brudes,1899,1899-10-15,German,49,49,49
755,Rudolf,Schoeller,1902,1902-04-27,Swiss,49,49,49
749,Bill,Aston,1900,1900-03-29,British,49,49,49
860,Oliver,Bearman,2005,2005-05-08,British,49,49,49
861,XVic,xBailey,1896,1896-01-01,British,49,49,49
862,XJohnny,xHarrison,1897,1897-01-01,British,49,49,49
863,XDennis,xArundell,1897,1897-01-01,British,49,49,49
864,XAlex,xYoong,1901,1901-01-01,Malaysian,49,49,49
865,XMike,xPieterse,1901,1901-01-01,South African,49,49,49
866,XAlex,xYoong,1902,1902-01-01,Malaysian,49,49,49
867,XTony,xLawson,1904,1904-01-01,New Zealander,48,48,48
868,XPiero,xFagioli,1970,1970-01-01,Italian,48,48,48
869,XGiorgio,xBrancatelli,1988,1988-01-01,Italian,48,48,48
870,XJohn,xStacey,2001,2001-01-01,British,48,48,48
871,XJohn,xButton,2002,2002-01-01,British,48,48,48
872,XJohn,xLawrence,2003,2003-01-01,British,48,48,48
873,XNico,xWehrlein,2003,2003-01-01,German,48,48,48
874,XAlbert,xBranca,2004,2004-01-01,Swiss,48,48,48
875,XLuiz,xBurti,2004,2004-01-01,Brazilian,48,48,48
876,XMartin,xWilson,2005,2005-01-01,British,48,48,48
877,XAllen,xCannon,2006,2006-01-01,Canadian,48,48,48
878,XTiff,xAitken,2006,2006-01-01,British,48,48,48
879,XPatrick,xPilette,2007,2007-01-01,Belgian,48,48,48
880,XPhil,xSullivan,2007,2007-01-01,American,48,48,48
881,XBruce,xNicholson,2008,2008-01-01,New Zealander,48,48,48
882,XAlex,xLanges,2008,2008-01-01,Italian,48,48,48
883,XRudolf,xKrause,2009,2009-01-01,East German,48,48,48
884,XEddie,xFitch,2009,2009-01-01,American,48,48,48
885,XJim,xFisher,2010,2010-01-01,American,48,48,48
886,XDerek,xParnell,2010,2010-01-01,British,48,48,48
887,XConny,xWisell,2011,2011-01-01,Swedish,48,48,48
888,XDavid,xRhodes,2011,2011-01-01,British,47,47,47
889,XGiacomo,xLavaggi,2012,2012-01-01,Italian,47,47,47
890,XGeoff,xBristow,2012,2012-01-01,British,47,47,47
891,XFelice,xMartini,2013,2013-01-01,Italian,47,47,47
892,XNorberto,xMieres,2013,2013-01-01,Argentine,47,47,47
893,XJohn,xBailey,2014,2014-01-01,British,47,47,47
894,XAndré,xPicard,2014,2014-01-01,French,47,47,47
895,XTaki,xSato,2015,2015-01-01,Japanese,47,47,47
896,XHenry,xSouth,2015,2015-01-01,British,47,47,47
897,XJohn,xDuke,2016,2016-01-01,British,47,47,47
898,XToulo,xVolonterio,2016,2016-01-01,Swiss,47,47,47
899,XOlivier,xStreiff,2017,2017-01-01,French,47,47,47
900,XTim,xGardner,2017,2017-01-01,Australian,47,47,47
901,XPhilippe,xBianchi,2018,2018-01-01,Belgian,47,47,47
902,XJo,xde Graffenried,2018,2018-01-01,Swiss,47,47,47
903,XEnrique,xGugelmin,2019,2019-01-01,Brazilian,47,47,47
904,XKarun,xKarthikeyan,2019,2019-01-01,Indian,47,47,47
905,XPeter,xDuke,2020,2020-01-01,British,47,47,47
906,XKenny,xMarsh,2020,2020-01-01,British,47,47,47
907,XNicolas,xMagnussen,2021,2021-01-01,Danish,47,47,47
908,XFrançois,xRaphanel,2021,2021-01-01,French,47,47,47
909,XNino,xMusso,2022,2022-01-01,Italian,47,47,47
910,XNanni,xMontermini,2022,2022-01-01,Italian,46,46,46
911,XPaul,xHawkins,2023,2023-01-01,Australian,46,46,46
912,XHarry,xSpeed,2023,2023-01-01,American,46,46,46
913,XNicholas,xVilleneuve,2024,2024-01-01,Canadian,46,46,46
914,XJo,xStuppacher,2024,2024-01-01,Austrian,46,46,46
915,XGuanyu,xZhou,2025,2025-01-01,Chinese,46,46,46
916,XAlain,xJean,2025,2025-01-01,French,46,46,46
917,XAlfonso,xZapico,2026,2026-01-01,Spanish,46,46,46
918,XFranck,xBeltoise,2026,2026-01-01,French,46,46,46
919,XPascal,xBartels,2027,2027-01-01,German,46,46,46
920,XRoger,xAttwood,2027,2027-01-01,British,46,46,46
921,XChristijan,xRothengatter,2028,2028-01-01,Dutch,46,46,46
922,XThomas,xMonarch,2028,2028-01-01,American,46,46,46
923,XBrausch,xde Klerk,2029,2029-01-01,South African,46,46,46
924,XCarlo,xMunaron,2029,2029-01-01,Italian,46,46,46
925,XAdolf,xLotterer,2030,2030-01-01,German,46,46,46
926,XFranck,xLouveau,2030,2030-01-01,French,46,46,46
927,XKevin,xBelsø,2031,2031-01-01,Danish,46,46,46
928,XMarkus,xvon Trips,2031,2031-01-01,German,46,46,46
929,XPaul,xMacklin,2032,2032-01-01,British,46,46,46
930,XAzdrubal,xGonzález,2032,2032-01-01,Uruguayan,46,46,46
931,XRobert,xKubica,2033,2033-01-01,Polish,46,46,46
932,XGerino,xPaletti,2033,2033-01-01,Italian,46,46,46
933,XJohn,xBucknum,2034,2034-01-01,American,45,45,45
934,XDerek,xKeegan,2034,2034-01-01,British,45,45,45
935,XClaudio,xModena,2035,2035-01-01,Italian,45,45,45
936,XPatrick,xLagorce,2035,2035-01-01,French,45,45,45
937,XMaurice,xLucas,2036,2036-01-01,French,45,45,45
938,XToranosuke,xNakajima,2036,2036-01-01,Japanese,45,45,45
939,XKamui,xKatayama,2037,2037-01-01,Japanese,45,45,45
940,XJack,xCrossley,2037,2037-01-01,British,45,45,45
941,XPablo,xReutemann,2038,2038-01-01,Argentine,45,45,45
942,XGiorgio,xBandini,2038,2038-01-01,Italian,45,45,45
943,XDavid,xGibson,2039,2039-01-01,British,45,45,45
944,XAguri,xTakahara,2039,2039-01-01,Japanese,45,45,45
945,XSébastien,xLeclère,2040,2040-01-01,French,45,45,45
946,XPascal,xLoof,2040,2040-01-01,German,45,45,45
947,XAntonio,xComotti,2041,2041-01-01,Italian,45,45,45
948,XSiegfried,xPaletti,2041,2041-01-01,Italian,45,45,45
949,XAlberto,xGonzález,2042,2042-01-01,Uruguayan,45,45,45
950,XJuan,xReutemann,2042,2042-01-01,Argentine,45,45,45
951,XOlivier,xLeclerc,2043,2043-01-01,Monegasque,45,45,45
952,XTroy,xJones,2043,2043-01-01,American,45,45,45
953,XHenri,xDolhem,2044,2044-01-01,French,45,45,45
954,XNarain,xChandhok,2044,2044-01-01,Indian,45,45,45
955,XShinji,xTakahara,2045,2045-01-01,Japanese,45,45,45
956,XPascal,xHelfrich,2045,2045-01-01,German,45,45,45
957,XPietro,xBianco,2046,2046-01-01,Brazilian,44,44,44
958,XDerek,xMiles,2046,2046-01-01,British,44,44,44
959,XTroy,xHansgen,2047,2047-01-01,American,44,44,44
960,XMichael,xde Terra,2047,2047-01-01,Swiss,44,44,44
961,XJohnny,xWatson,2048,2048-01-01,British,44,44,44
962,XHeinz,xFoitek,2048,2048-01-01,Swiss,44,44,44
963,XMaurício,xMarques,2049,2049-01-01,Brazilian,44,44,44
964,XPatrick,xRatzenberger,2049,2049-01-01,Austrian,44,44,44
965,XDenny,xLawson,2050,2050-01-01,New Zealander,44,44,44
966,XNasif,xFontana,2050,2050-01-01,Argentine,44,44,44
967,XKen,xGardner,2051,2051-01-01,Australian,44,44,44
968,XNikita,xMazepin,2051,2051-01-01,Russian,44,44,44
969,XPablo,xCrespo,2052,2052-01-01,Argentine,44,44,44
970,XChuck,xSwaters,2052,2052-01-01,American,44,44,44
971,XArchie,xDavis,2053,2053-01-01,British,44,44,44
972,XRoberto,xDaponte,2053,2053-01-01,Argentine,44,44,44
973,XJo,xMoser,2054,2054-01-01,Swiss,44,44,44
974,XJacques,xSharp,2054,2054-01-01,American,44,44,44
975,XMarc,xCampos,2055,2055-01-01,Spanish,44,44,44
976,XGiorgio,xTarquini,2055,2055-01-01,Italian,44,44,44
977,XJosef,xvon Stuck,2056,2056-01-01,German,44,44,44
978,XJean-Éric,xJean,2056,2056-01-01,French,44,44,44
979,XFranck,xMairesse,2057,2057-01-01,French,44,44,44
980,XPiero,xPapis,2057,2057-01-01,Italian,44,44,44
981,XMichael,xVerstappen,2058,2058-01-01,Dutch,44,44,44
982,XPastor,xCecotto,2058,2058-01-01,Venezuelan,43,43,43
983,XJohn,xMoss,2059,2059-01-01,British,43,43,43
984,XNino,xFisichella,2059,2059-01-01,Italian,43,43,43
985,XKen,xSpence,2060,2060-01-01,British,43,43,43
986,XThomas,xBlanchard,2060,2060-01-01,American,43,43,43
987,XElio,xde Riu,2061,2061-01-01,Italian,43,43,43
988,XEsteban,xBordeu,2061,2061-01-01,Argentine,43,43,43
989,XJohn,xWilson,2062,2062-01-01,British,43,43,43
990,XPhil,xWard,2062,2062-01-01,American,43,43,43
991,XMax,xFischer,2063,2063-01-01,Swiss,43,43,43
992,XMike,xMigault,2063,2063-01-01,French,43,43,43
993,XPhilippe,xSimon,2064,2064-01-01,French,43,43,43
994,XEsteban,xGutiérrez,2064,2064-01-01,Mexican,43,43,43
995,XJohn,xHill,2065,2065-01-01,British,43,43,43
996,XGiancarlo,xMaglioli,2065,2065-01-01,Italian,43,43,43
997,XJarno,xBertaggia,2066,2066-01-01,Italian,43,43,43
998,XAlain,xde Changy,2066,2066-01-01,Belgian,43,43,43
999,XGary,xPuzey,2067,2067-01-01,Rhodesian,43,43,43
1000,XAntônio,xSenna,2067,2067-01-01,Brazilian,43,43,43
1001,XWilly,xFrère,2068,2068-01-01,Belgian,43,43,43
1002,XMichael,xVonlanthen,2068,2068-01-01,Swiss,43,43,43
1003,XPaco,xMerhi,2069,2069-01-01,Spanish,43,43,43
1004,XErnst,xKlodwig,2069,2069-01-01,East German,43,43,43
1005,XGianni,xVaccarella,2070,2070-01-01,Italian,43,43,43
1006,XGregor,xde Graffenried,2070,2070-01-01,Swiss,43,43,43
1007,XChris,xCrook,2071,2071-01-01,British,43,43,43
1008,XMenato,xCabianca,2071,2071-01-01,Italian,42,42,42
1009,XHerbert,xPenske,2072,2072-01-01,American,42,42,42
1010,XUkyo,xKatayama,2072,2072-01-01,Japanese,42,42,42
1011,XTheo,xStommelen,2073,2073-01-01,German,42,42,42
1012,XFelipe,xZonta,2073,2073-01-01,Brazilian,42,42,42
1013,XToranosuke,xYamamoto,2074,2074-01-01,Japanese,42,42,42
1014,XSyd,xPretorius,2074,2074-01-01,South African,42,42,42
1015,XRobert,xLaffite,2075,2075-01-01,French,42,42,42
1016,XAlberto,xFangio,2075,2075-01-01,Argentine,42,42,42
1017,XTiago,xChaves,2076,2076-01-01,Portuguese,42,42,42
1018,XRoger,xGoethals,2076,2076-01-01,Belgian,42,42,42
1019,XDesmond,xNeedell,2077,2077-01-01,British,42,42,42
1020,XJohnny,xSalvadori,2077,2077-01-01,British,42,42,42
1021,XAdrián,xAlonso,2078,2078-01-01,Spanish,42,42,42
1022,XBrian,xMoss,2078,2078-01-01,British,42,42,42
1023,XHap,xDochnal,2079,2079-01-01,American,42,42,42
1024,XJohn,xAshdown,2079,2079-01-01,British,42,42,42
1025,XMika,xSalo,2080,2080-01-01,Finnish,42,42,42
1026,XAlex,xBertaggia,2080,2080-01-01,Italian,42,42,42
1027,XTony,xBotha,2081,2081-01-01,South African,42,42,42
1028,XChristian,xFittipaldi,2081,2081-01-01,Brazilian,42,42,42
1029,XRoberto,xLondoño,2082,2082-01-01,Colombian,42,42,42
1030,XEric,xTaylor,2082,2082-01-01,British,42,42,42
1031,XClive,xLove,2083,2083-01-01,Rhodesian,42,42,42
1032,XChico,xPizzonia,2083,2083-01-01,Brazilian,42,42,42
1033,XTimmy,xPosey,2084,2084-01-01,American,42,42,42
1034,XRicardo,xGonzález,2084,2084-01-01,Argentine,42,42,42
1035,XJoe,xNaylor,2085,2085-01-01,British,41,41,41
1036,XTakuma,xHoshino,2085,2085-01-01,Japanese,41,41,41
1037,XVittorio,xCaffi,2086,2086-01-01,Italian,41,41,41
1038,XKarl,xBerger,2086,2086-01-01,Austrian,41,41,41
1039,XErnst,xStommelen,2087,2087-01-01,German,41,41,41
1040,XAndy,xAshdown,2087,2087-01-01,British,41,41,41
1041,XGiancarlo,xVilloresi,2088,2088-01-01,Italian,41,41,41
1042,XRoland,xFriesacher,2088,2088-01-01,Austrian,41,41,41
1043,XJohn,xOwen,2089,2089-01-01,British,41,41,41
1044,XIan,xGalica,2089,2089-01-01,British,41,41,41
1045,XPeter,xSurer,2090,2090-01-01,Swiss,41,41,41
1046,XDavid,xParnell,2090,2090-01-01,British,41,41,41
1047,XCarlo,xMunaron,2091,2091-01-01,Italian,41,41,41
1048,XTom,xMiles,2091,2091-01-01,British,41,41,41
1049,XJuan Manuel,xBirger,2092,2092-01-01,Argentine,41,41,41
1050,XDerek,xTaylor,2092,2092-01-01,British,41,41,41
1051,XPatrick,xGasly,2093,2093-01-01,French,41,41,41
1052,XDomenico,xTarquini,2093,2093-01-01,Italian,41,41,41
1053,XNello,xTarquini,2094,2094-01-01,Italian,41,41,41
1054,XToranosuke,xNakajima,2094,2094-01-01,Japanese,41,41,41
1055,XTony,xPerkins,2095,2095-01-01,Australian,41,41,41
1056,XIgnazio,xBussinello,2095,2095-01-01,Italian,41,41,41
1057,XJackie,xAbecassis,2096,2096-01-01,British,41,41,41
1058,XDavid,xHampshire,2096,2096-01-01,British,41,41,41
1059,XMichel,xGounon,2097,2097-01-01,French,41,41,41
1060,XColin,xFry,2097,2097-01-01,British,41,41,41
1061,XGary,xTingle,2098,2098-01-01,Rhodesian,41,41,41
1062,XJackie,xLawrence,2098,2098-01-01,British,41,41,41
1063,XPiers,xAshmore,2099,2099-01-01,British,40,40,40
1064,XTiff,xSalvadori,2099,2099-01-01,British,40,40,40
1065,XYuki,xHasemi,2100,2100-01-01,Japanese,40,40,40
1066,XJames,xCollins,2100,2100-01-01,British,40,40,40
1067,XPhilip,xPiper,2101,2101-01-01,British,40,40,40
1068,XPeter,xMontgomerie-Charrington,2101,2101-01-01,British,40,40,40
1069,XMika,xSalo,2102,2102-01-01,Finnish,40,40,40
1070,XJacques,xCannon,2102,2102-01-01,Canadian,40,40,40
1071,XKeke,xRosberg,2103,2103-01-01,Finnish,40,40,40
1072,XJules,xLeclère,2103,2103-01-01,French,40,40,40
1073,XBill,xKeegan,2104,2104-01-01,British,40,40,40
1074,XNicolas,xMagnussen,2104,2104-01-01,Danish,40,40,40
1075,XLance,xOwen,2105,2105-01-01,British,40,40,40
1076,XHernando,xRibeiro,2105,2105-01-01,Brazilian,40,40,40
1077,XPiero,xBarilla,2106,2106-01-01,Italian,40,40,40
1078,XPeter,xEcclestone,2106,2106-01-01,British,40,40,40
1079,XClive,xLove,2107,2107-01-01,Rhodesian,40,40,40
1080,XThierry,xNève,2107,2107-01-01,Belgian,40,40,40
1081,XKen,xMcAlpine,2108,2108-01-01,British,40,40,40
1082,XGünther,xvon Stuck,2108,2108-01-01,German,40,40,40
1083,XKarl,xKarch,2109,2109-01-01,German,40,40,40
1084,XStephen,xBurgess,2109,2109-01-01,British,40,40,40
1085,XAlessandro,xFisichella,2110,2110-01-01,Italian,40,40,40
1086,XJean-Pierre,xBayol,2110,2110-01-01,French,40,40,40
1087,XBertrand,xIckx,2111,2111-01-01,Belgian,40,40,40
1088,XPaul,xSchlesser,2111,2111-01-01,French,40,40,40
1089,XEmilio,xAlonso,2112,2112-01-01,Spanish,40,40,40
1090,XPierre-Henri,xComas,2112,2112-01-01,French,40,40,40
1091,XPeter,xWietzes,2113,2113-01-01,Canadian,40,40,40
1092,XPeter,xDowning,2113,2113-01-01,British,39,39,39
1093,XGiulio,xFabi,2114,2114-01-01,Italian,39,39,39
1094,XClive,xPuzey,2114,2114-01-01,Rhodesian,39,39,39
1095,XBen,xFlinterman,2115,2115-01-01,Dutch,39,39,39
1096,XNigel,xHalford,2115,2115-01-01,British,39,39,39
1097,XFritz,xPace,2116,2116-01-01,Brazilian,39,39,39
1098,XGianni,xNannini,2116,2116-01-01,Italian,39,39,39
1099,XMarco,xMaglioli,2117,2117-01-01,Italian,39,39,39
1100,XOliver,xMarr,2117,2117-01-01,British,39,39,39
1101,XNelson,xBueno,2118,2118-01-01,Brazilian,39,39,39
1102,XBernie,xStewart,2118,2118-01-01,British,39,39,39
1103,XDamien,xMurray,2119,2119-01-01,British,39,39,39
1104,XCharles,xMairesse,2119,2119-01-01,French,39,39,39
1105,XGünther,xBarth,2120,2120-01-01,German,39,39,39
1106,XAlbert,xBranca,2120,2120-01-01,Swiss,39,39,39
1107,XPiers,xRichardson,2121,2121-01-01,British,39,39,39
1108,XMike,xRobarts,2121,2121-01-01,British,39,39,39
1109,XFrançois,xComas,2122,2122-01-01,French,39,39,39
1110,XGeorge,xSpeed,2122,2122-01-01,American,39,39,39
1111,XPiero,xColombo,2123,2123-01-01,Italian,39,39,39
1112,XPaul,xBrabham,2123,2123-01-01,Australian,39,39,39
1113,XKurt,xWinkelhock,2124,2124-01-01,German,39,39,39
1114,XJulian,xHalford,2124,2124-01-01,British,39,39,39
1115,XVitantonio,xRol,2125,2125-01-01,Italian,39,39,39
1116,XHans,xHeyer,2125,2125-01-01,German,39,39,39
1117,XLeslie,xMorgan,2126,2126-01-01,British,39,39,39
1118,XTom,xTaylor,2126,2126-01-01,British,39,39,39
1119,XGraham,xScott Brown,2127,2127-01-01,British,39,39,39
1120,XRoberto,xAlonso,2127,2127-01-01,Spanish,39,39,39
1121,XDivina,xFairman,2128,2128-01-01,British,39,39,39
1122,XGeoff,xAnderson,2128,2128-01-01,British,38,38,38
1123,XManfred,xAhrens,2129,2129-01-01,German,38,38,38
1124,XBrian,xBarber,2129,2129-01-01,British,38,38,38
1125,XRaul,xPizzonia,2130,2130-01-01,Brazilian,38,38,38
1126,XBobby,xMayer,2130,2130-01-01,American,38,38,38
1127,XGuanyu,xZhou,2131,2131-01-01,Chinese,38,38,38
1128,XBruce,xWilliams,2131,2131-01-01,British,38,38,38
1129,XJean-Louis,xSchlesser,2132,2132-01-01,French,38,38,38
1130,XKeith,xBearman,2132,2132-01-01,British,38,38,38
1131,XÉric,xCabantous,2133,2133-01-01,French,38,38,38
1132,XKazuki,xHasemi,2133,2133-01-01,Japanese,38,38,38
1133,XWarwick,xBrabham,2134,2134-01-01,Australian,38,38,38
1134,XOtto,xWurz,2134,2134-01-01,Austrian,38,38,38
1135,XMike,xBridger,2135,2135-01-01,British,38,38,38
1136,XKeke,xRosberg,2135,2135-01-01,Finnish,38,38,38
1137,XPeter,xForini,2136,2136-01-01,Swiss,38,38,38
1138,XJames,xRussell,2136,2136-01-01,British,38,38,38
1139,XRobert,xHutchison,2137,2137-01-01,American,38,38,38
1140,XCorrado,xMorbidelli,2137,2137-01-01,Italian,38,38,38
1141,XAdrian,xKlenk,2138,2138-01-01,German,38,38,38
1142,XCarlos,xFittipaldi,2138,2138-01-01,Brazilian,38,38,38
1143,XToulo,xForini,2139,2139-01-01,Swiss,38,38,38
1144,XGerhard,xDanner,2139,2139-01-01,German,38,38,38
1145,XNarain,xChandhok,2140,2140-01-01,Indian,38,38,38
1146,XAntonio,xZapico,2140,2140-01-01,Spanish,38,38,38
1147,XRenato,xAlboreto,2141,2141-01-01,Italian,38,38,38
1148,XBrian,xWarwick,2141,2141-01-01,British,38,38,38
1149,XGiedo,xde Beaufort,2142,2142-01-01,Dutch,38,38,38
1150,XMikko,xJärvilehto,2142,2142-01-01,Finnish,38,38,38
1151,XMassimo,xFranchi,2143,2143-01-01,Italian,38,38,38
1152,XJack,xFlockhart,2143,2143-01-01,British,38,38,38
1153,XGiorgio,xColombo,2144,2144-01-01,Italian,37,37,37
1154,XToni,xBechem,2144,2144-01-01,German,37,37,37
1155,XDerek,xWilson,2145,2145-01-01,British,37,37,37
1156,XYves,xOcon,2145,2145-01-01,French,37,37,37
1157,XJyrki,xKozarowitzky,2146,2146-01-01,Finnish,37,37,37
1158,XRob,xWunderink,2146,2146-01-01,Dutch,37,37,37
1159,XGerry,xHerbert,2147,2147-01-01,British,37,37,37
1160,XTim,xKavanagh,2147,2147-01-01,Australian,37,37,37
1161,XGastón,xBordeu,2148,2148-01-01,Argentine,37,37,37
1162,XJan,xVerstappen,2148,2148-01-01,Dutch,37,37,37
1163,XLance,xVilleneuve,2149,2149-01-01,Canadian,37,37,37
1164,XTorsten,xBonnier,2149,2149-01-01,Swedish,37,37,37
1165,XHans-Joachim,xStuck,2150,2150-01-01,German,37,37,37
1166,XRodney,xEmery,2150,2150-01-01,British,37,37,37
1167,XSam,xCogan,2151,2151-01-01,American,37,37,37
1168,XAlain,xOcon,2151,2151-01-01,French,37,37,37
1169,XPedro,xMonteiro,2152,2152-01-01,Portuguese,37,37,37
1170,XAndré,xVandoorne,2152,2152-01-01,Belgian,37,37,37
1171,XTed,xJohnson,2153,2153-01-01,British,37,37,37
1172,XLeslie,xDowning,2153,2153-01-01,British,37,37,37
1173,XEugène,xLaffite,2154,2154-01-01,French,37,37,37
1174,XLloyd,xAndretti,2154,2154-01-01,American,37,37,37
1175,XPiero,xLippi,2155,2155-01-01,Italian,37,37,37
1176,XPaolo,xLombardi,2155,2155-01-01,Italian,37,37,37
1177,XRonnie,xRoos,2156,2156-01-01,Swedish,37,37,37
1178,XLuiz,xPizzonia,2156,2156-01-01,Brazilian,37,37,37
1179,XLuigi,xPirro,2157,2157-01-01,Italian,37,37,37
1180,XJohn,xCannon,2157,2157-01-01,Canadian,37,37,37
1181,XMark,xTaylor,2158,2158-01-01,British,37,37,37
1182,XFritz,xSchumacher,2158,2158-01-01,German,37,37,37
1183,XKenny,xMcAlpine,2159,2159-01-01,British,37,37,37
1184,XBen,xSlotemaker,2159,2159-01-01,Dutch,37,37,37
1185,XAntonio,xPiotti,2160,2160-01-01,Italian,36,36,36
1186,XRicardo,xPiquet,2160,2160-01-01,Brazilian,36,36,36
1187,XTiff,xCraft,2161,2161-01-01,British,36,36,36
1188,XSebastian,xStommelen,2161,2161-01-01,German,36,36,36
1189,XThomas,xSullivan,2162,2162-01-01,American,36,36,36
1190,XFrank,xMcGuire,2162,2162-01-01,Australian,36,36,36
1191,XPeter,xDélétraz,2163,2163-01-01,Swiss,36,36,36
1192,XLamberto,xModena,2163,2163-01-01,Italian,36,36,36
1193,XVincenzo,xMontermini,2164,2164-01-01,Italian,36,36,36
1194,XLando,xFlockhart,2164,2164-01-01,British,36,36,36
1195,XRoland,xRatzenberger,2165,2165-01-01,Austrian,36,36,36
1196,XHernando,xSenna,2165,2165-01-01,Brazilian,36,36,36
1197,XTommy,xDaly,2166,2166-01-01,Irish,36,36,36
1198,XGraham,xLees,2166,2166-01-01,British,36,36,36
1199,XEnrique,xBoesel,2167,2167-01-01,Brazilian,36,36,36
1200,XStoffel,xde Dryver,2167,2167-01-01,Belgian,36,36,36
1201,XChris,xIrvine,2168,2168-01-01,British,36,36,36
1202,XTakuma,xSuzuki,2168,2168-01-01,Japanese,36,36,36
1203,XJean,xCevert,2169,2169-01-01,French,36,36,36
1204,XGiovanni,xMartini,2169,2169-01-01,Italian,36,36,36
1205,XHap,xFisher,2170,2170-01-01,American,36,36,36
1206,XMarkus,xBechem,2170,2170-01-01,German,36,36,36
1207,XCharles,xDalmas,2171,2171-01-01,French,36,36,36
1208,XFelipe,xBueno,2171,2171-01-01,Brazilian,36,36,36
1209,XCarlo,xFrancia,2172,2172-01-01,Italian,36,36,36
1210,XAlberto,xCantoni,2172,2172-01-01,Uruguayan,36,36,36
1211,XGiancarlo,xFisichella,2173,2173-01-01,Italian,36,36,36
1212,XNicolas,xMagnussen,2173,2173-01-01,Danish,36,36,36
1213,XHarry,xRossi,2174,2174-01-01,American,36,36,36
1214,XJim,xBlanchard,2174,2174-01-01,American,36,36,36
1215,XAldo,xGounon,2175,2175-01-01,French,36,36,36
1216,XJulian,xNeedell,2175,2175-01-01,British,36,36,36
1217,XMike,xFotheringham-Parker,2176,2176-01-01,British,36,36,36
1218,XMax,xBlundell,2176,2176-01-01,British,35,35,35
1219,XArturo,xPiotti,2177,2177-01-01,Italian,35,35,35
1220,XCarlos,xSainz,2177,2177-01-01,Spanish,35,35,35
1221,XGiovanni,xBrancatelli,2178,2178-01-01,Italian,35,35,35
1222,XDavid,xBlokdyk,2178,2178-01-01,South African,35,35,35
1223,XNiki,xBinder,2179,2179-01-01,Austrian,35,35,35
1224,XMikko,xRosberg,2179,2179-01-01,Finnish,35,35,35
1225,XPaco,xJover,2180,2180-01-01,Spanish,35,35,35
1226,XJohn,xVilleneuve Sr.,2180,2180-01-01,Canadian,35,35,35
1227,XRodney,xLees,2181,2181-01-01,British,35,35,35
1228,XJacques,xWietzes,2181,2181-01-01,Canadian,35,35,35
1229,XDivina,xMcNish,2182,2182-01-01,British,35,35,35
1230,XAlberto,xPián,2182,2182-01-01,Argentine,35,35,35
1231,XDon,xMorgan,2183,2183-01-01,British,35,35,35
1232,XAlan,xAitken,2183,2183-01-01,British,35,35,35
1233,XStefan,xBonnier,2184,2184-01-01,Swedish,35,35,35
1234,XMaurício,xBurti,2184,2184-01-01,Brazilian,35,35,35
1235,XJohnny,xGordini,2185,2185-01-01,French,35,35,35
1236,XJohnny,xMaldonado,2185,2185-01-01,Venezuelan,35,35,35
1237,XBrian,xDonnelly,2186,2186-01-01,British,35,35,35
1238,XDavid,xPryce,2186,2186-01-01,British,35,35,35
1239,XDidier,xPicard,2187,2187-01-01,French,35,35,35
1240,XLella,xTaramazzo,2187,2187-01-01,Italian,35,35,35
1241,XAlain,xIckx,2188,2188-01-01,Belgian,35,35,35
1242,XInnes,xNuckey,2188,2188-01-01,British,35,35,35
1243,XKevin,xMagnussen,2189,2189-01-01,Danish,35,35,35
1244,XPiers,xLeston,2189,2189-01-01,British,35,35,35
1245,XLance,xSchell,2190,2190-01-01,American,35,35,35
1246,XMaria,xAbate,2190,2190-01-01,Italian,35,35,35
1247,XJack,xBristow,2191,2191-01-01,British,35,35,35
1248,XRodger,xSharp,2191,2191-01-01,American,35,35,35
1249,XCarlos,xGodia,2192,2192-01-01,Spanish,35,35,35
1250,XRodger,xGinther,2192,2192-01-01,American,35,35,35
1251,XJackie,xDumfries,2193,2193-01-01,British,35,35,35
1252,XAlan,xMorgan,2193,2193-01-01,British,34,34,34
1253,XSébastien,xPozzi,2194,2194-01-01,French,34,34,34
1254,XStefano,xSospiri,2194,2194-01-01,Italian,34,34,34
1255,XPeter,xNuckey,2195,2195-01-01,British,34,34,34
1256,XJoachim,xLoof,2195,2195-01-01,German,34,34,34
1257,XLuiz,xMarques,2196,2196-01-01,Brazilian,34,34,34
1258,XTony,xGardner,2196,2196-01-01,Australian,34,34,34
1259,XElio,xLiuzzi,2197,2197-01-01,Italian,34,34,34
1260,XFranck,xLagorce,2197,2197-01-01,French,34,34,34
1261,XPedro,xMonteiro,2198,2198-01-01,Portuguese,34,34,34
1262,XVern,xBrabham,2198,2198-01-01,Australian,34,34,34
1263,XRichard,xTaylor,2199,2199-01-01,British,34,34,34
1264,XDerek,xWhitehead,2199,2199-01-01,British,34,34,34
1265,XJacques,xMontagny,2200,2200-01-01,French,34,34,34
1266,XCarlos,xAlonso,2200,2200-01-01,Spanish,34,34,34
