driverID,forename,surname,year,dob,nationality,alive,ability,ability_original,ability_best,reputation_race,reputation_season,retire
1,Lewis,Hamilton,1985,1985-01-07,British,True,69,69,69,0,0,50
30,Michael,Schumacher,1969,1969-01-03,German,True,69,69,69,0,0,35
579,Juan,Fangio,1911,1911-06-24,Argentine,True,68,68,68,0,0,38
117,Alain,Prost,1955,1955-02-24,French,True,68,68,68,0,0,45
20,Sebastian,Vettel,1987,1987-07-03,German,True,68,68,68,0,0,50
10000,Rudolf,Caracciola,1901,1901-01-30,German,True,68,68,68,0,0,35
102,Ayrton,Senna,1960,1960-03-21,Brazilian,True,67,67,67,0,0,36
328,Jackie,Stewart,1939,1939-06-11,British,True,67,67,67,0,0,41
137,Nelson,Piquet,1952,1952-08-17,Brazilian,True,67,67,67,0,0,54
182,Niki,Lauda,1949,1949-02-22,Austrian,True,67,67,67,0,0,49
356,Jack,Brabham,1926,1926-04-02,Australian,True,67,67,67,0,0,30
830,Max,Verstappen,1997,1997-09-30,Dutch,True,67,67,67,0,0,51
4,Fernando,Alonso,1981,1981-07-29,Spanish,True,66,66,66,0,0,46
289,Graham,Hill,1929,1929-02-15,British,True,66,66,66,0,0,51
224,Emerson,Fittipaldi,1946,1946-12-12,Brazilian,True,66,66,66,0,0,44
373,Jim,Clark,1936,1936-03-04,British,True,66,66,66,0,0,32
57,Mika,Häkkinen,1968,1968-09-28,Finnish,True,66,66,66,0,0,36
647,Alberto,Ascari,1918,1918-07-13,Italian,True,66,66,66,0,0,54
95,Nigel,Mansell,1953,1953-08-08,British,True,66,66,66,0,0,39
8,Kimi,Räikkönen,1979,1979-10-17,Finnish,True,66,66,66,0,0,50
10003,Tazio,Nuvolari,1892,1892-11-16,Italian,True,65,65,65,0,0,49
71,Damon,Hill,1960,1960-09-17,British,True,65,65,65,0,0,35
3,Nico,Rosberg,1985,1985-06-27,German,True,65,65,65,0,0,41
222,Jody,Scheckter,1950,1950-01-29,South African,True,65,65,65,0,0,38
642,Nino,Farina,1906,1906-10-30,Italian,True,65,65,65,0,0,51
18,Jenson,Button,1980,1980-01-19,British,True,65,65,65,0,0,32
10010,Felice,Nazzaro,1881,1881-12-04,Italian,True,65,65,65,0,0,39
341,John,Surtees,1934,1934-02-11,British,True,65,65,65,0,0,57
35,Jacques,Villeneuve,1971,1971-04-09,Canadian,True,65,65,65,0,0,44
304,Denny,Hulme,1936,1936-06-18,New Zealander,True,65,65,65,0,0,53
178,Alan,Jones,1946,1946-11-02,Australian,True,64,64,64,0,0,37
578,Mike,Hawthorn,1929,1929-04-10,British,True,64,64,64,0,0,32
358,Jochen,Rindt,1942,1942-04-18,Austrian,True,64,64,64,0,0,37
10002,Bernd,Rosemeyer,1909,1909-10-14,German,True,64,64,64,0,0,51
177,Keke,Rosberg,1948,1948-12-06,Finnish,True,64,64,64,0,0,32
207,Mario,Andretti,1940,1940-02-28,American,True,64,64,64,0,0,37
403,Phil,Hill,1927,1927-04-20,American,True,64,64,64,0,0,32
231,James,Hunt,1947,1947-08-29,British,True,64,64,64,0,0,30
10001,Hermann,Müller,1909,1909-11-21,German,True,64,64,64,0,0,31
10004,Ferdinando,Minoia,1884,1884-06-02,Italian,True,64,64,64,0,0,50
10009,Ferenc,Szisz,1873,1873-09-20,Hungarian,True,64,64,64,0,0,57
10006,Jules Albert,de Dion,1856,1856-03-09,French,True,64,64,64,0,0,38
10029,Giosue,Giuppone,1878,1878-09-29,Italian,True,63,63,63,0,0,35
475,Stirling,Moss,1929,1929-09-17,British,True,63,63,63,0,0,47
10005,Manfred,Brauchitsch,1905,1905-08-15,German,True,63,63,63,0,0,42
22,Rubens,Barrichello,1972,1972-05-23,Brazilian,True,63,63,63,0,0,43
822,Valtteri,Bottas,1989,1989-08-28,Finnish,True,63,63,63,0,0,38
238,Ronnie,Peterson,1944,1944-02-14,Swedish,True,63,63,63,0,0,39
235,Jacky,Ickx,1945,1945-01-01,Belgian,True,63,63,63,0,0,46
10021,Louis,Naudin,1876,1876-01-01,French,True,63,63,63,0,0,42
14,David,Coulthard,1971,1971-03-27,British,True,63,63,63,0,0,49
199,Carlos,Reutemann,1942,1942-04-12,Argentine,True,63,63,63,0,0,42
360,Bruce,McLaren,1937,1937-08-30,New Zealander,True,63,63,63,0,0,43
119,Riccardo,Patrese,1954,1954-04-17,Italian,True,63,63,63,0,0,33
815,Sergio,Pérez,1990,1990-01-26,Mexican,True,63,63,63,0,0,55
13,Felipe,Massa,1981,1981-04-25,Brazilian,True,63,63,63,0,0,41
223,Clay,Regazzoni,1939,1939-09-05,Swiss,True,62,62,62,0,0,30
479,Tony,Brooks,1932,1932-02-25,British,True,62,62,62,0,0,44
498,José Froilán,González,1922,1922-10-05,Argentine,True,62,62,62,0,0,45
49,Heinz-Harald,Frentzen,1967,1967-05-18,German,True,62,62,62,0,0,45
105,Michele,Alboreto,1956,1956-12-23,Italian,True,62,62,62,0,0,44
844,Charles,Leclerc,1997,1997-10-16,Monegasque,True,62,62,62,0,0,58
56,Eddie,Irvine,1965,1965-11-10,British,True,62,62,62,0,0,54
202,Didier,Pironi,1952,1952-03-26,French,True,62,62,62,0,0,49
203,Gilles,Villeneuve,1950,1950-01-18,Canadian,True,62,62,62,0,0,31
476,Wolfgang,von Trips,1928,1928-05-04,German,True,62,62,62,0,0,46
10007,Albert,Lemaitre,1864,1864-02-05,French,True,62,62,62,0,0,43
17,Mark,Webber,1976,1976-08-27,Australian,True,62,62,62,0,0,39
77,Gerhard,Berger,1959,1959-08-27,Austrian,True,62,62,62,0,0,57
31,Juan,Pablo Montoya,1975,1975-09-20,Colombian,True,62,62,62,0,0,32
817,Daniel,Ricciardo,1989,1989-07-01,Australian,True,62,62,62,0,0,46
327,François,Cevert,1944,1944-02-25,French,True,62,62,62,0,0,40
386,Richie,Ginther,1930,1930-08-05,American,True,61,61,61,0,0,42
173,Elio,de Angelis,1958,1958-03-26,Italian,True,61,61,61,0,0,39
581,Peter,Collins,1931,1931-11-06,British,True,61,61,61,0,0,32
608,Eugenio,Castellotti,1930,1930-10-10,Italian,True,61,61,61,0,0,46
187,John,Watson,1946,1946-05-04,British,True,61,61,61,0,0,50
163,René,Arnoux,1948,1948-07-04,French,True,61,61,61,0,0,31
641,Piero,Taruffi,1906,1906-10-12,Italian,True,61,61,61,0,0,58
577,Luigi,Musso,1924,1924-07-28,Italian,True,61,61,61,0,0,43
786,Luigi,Fagioli,1898,1898-06-09,Italian,True,61,61,61,0,0,34
10008,Auguste,Doriot,1863,1863-10-24,French,True,61,61,61,0,0,53
10011,Albert,Clement,1883,1883-07-07,French,True,61,61,61,0,0,52
10020,Vincenzo,Florio,1883,1883-03-18,Italian,True,61,61,61,0,0,32
172,Jacques,Laffite,1943,1943-11-21,French,True,61,61,61,0,0,31
23,Ralf,Schumacher,1975,1975-06-30,German,True,61,61,61,0,0,53
55,Jean,Alesi,1964,1964-06-11,French,True,61,61,61,0,0,54
364,Dan,Gurney,1931,1931-04-13,American,True,61,61,61,0,0,45
427,Maurice,Trintignant,1917,1917-10-30,French,True,61,61,61,0,0,56
21,Giancarlo,Fisichella,1973,1973-01-14,Italian,True,61,61,61,0,0,53
123,Thierry,Boutsen,1957,1957-07-13,Belgian,True,60,60,60,0,0,34
221,Patrick,Depailler,1944,1944-08-09,French,True,60,60,60,0,0,55
9,Robert,Kubica,1984,1984-12-07,Polish,True,60,60,60,0,0,46
385,Lorenzo,Bandini,1935,1935-12-21,Italian,True,60,60,60,0,0,33
404,Innes,Ireland,1930,1930-06-12,British,True,60,60,60,0,0,38
10015,Vincenzo,Lancia,1881,1881-08-24,Italian,True,60,60,60,0,0,41
175,Patrick,Tambay,1949,1949-06-25,French,True,60,60,60,0,0,34
554,Jean,Behra,1921,1921-02-16,French,True,60,60,60,0,0,47
65,Johnny,Herbert,1964,1964-06-25,British,True,60,60,60,0,0,35
847,George,Russell,1998,1998-02-15,British,True,60,60,60,0,0,38
627,Louis,Rosier,1905,1905-11-05,French,True,60,60,60,0,0,50
10026,Victor,Hemery,1876,1876-11-18,French,True,60,60,60,0,0,50
456,Roy,Salvadori,1922,1922-05-12,British,True,60,60,60,0,0,56
723,Rudi,Fischer,1912,1912-04-19,Swiss,True,60,60,60,0,0,53
10012,Emile,Levassor,1843,1843-01-21,French,True,60,60,60,0,0,57
832,Carlos,Sainz,1994,1994-09-01,Spanish,True,60,60,60,0,0,47
633,Luigi,Villoresi,1909,1909-05-16,Italian,True,60,60,60,0,0,52
309,Peter,Revson,1939,1939-02-27,American,True,60,60,60,0,0,53
140,Stefan,Johansson,1956,1956-09-08,Swedish,True,60,60,60,0,0,46
2,Nick,Heidfeld,1977,1977-05-10,German,True,60,60,60,0,0,53
346,Jo,Siffert,1936,1936-07-07,Swiss,True,59,59,59,0,0,49
278,Chris,Amon,1943,1943-07-20,New Zealander,True,59,59,59,0,0,39
306,Jean-Pierre,Beltoise,1937,1937-04-26,French,True,59,59,59,0,0,52
648,Karl,Kling,1910,1910-09-16,German,True,59,59,59,0,0,44
10013,Emile,Mayade,1853,1853-08-21,French,True,59,59,59,0,0,55
10016,George,Heath,1862,1862-01-01,American,True,59,59,59,0,0,58
10022,John,Moore-Brabazon,1884,1884-02-08,British,True,59,59,59,0,0,31
10030,Christian,Lautenschlager,1877,1877-04-13,German,True,59,59,59,0,0,40
846,Lando,Norris,1999,1999-11-13,British,True,59,59,59,0,0,45
345,Pedro,Rodríguez,1940,1940-01-18,Mexican,True,59,59,59,0,0,52
84,Martin,Brundle,1959,1959-06-01,British,True,59,59,59,0,0,58
15,Jarno,Trulli,1974,1974-07-13,Italian,True,59,59,59,0,0,49
501,Harry,Schell,1921,1921-06-29,American,True,59,59,59,0,0,53
200,Jochen,Mass,1946,1946-09-30,German,True,59,59,59,0,0,35
145,Alessandro,Nannini,1959,1959-07-07,Italian,True,59,59,59,0,0,39
418,Masten,Gregory,1932,1932-02-29,American,True,59,59,59,0,0,32
250,Carlos,Pace,1944,1944-10-06,Brazilian,True,59,59,59,0,0,35
626,Robert,Manzon,1917,1917-04-12,French,True,59,59,59,0,0,32
632,Paul,Frère,1917,1917-01-30,Belgian,True,59,59,59,0,0,39
482,Olivier,Gendebien,1924,1924-01-12,Belgian,True,59,59,59,0,0,51
669,Prince,Bira,1914,1914-07-15,Thai,True,59,59,59,0,0,36
478,Hans,Herrmann,1928,1928-02-23,German,True,59,59,59,0,0,31
10014,Ernest,Archdeacon,1863,1863-03-23,French,True,58,58,58,0,0,31
10017,Paul,Baras,1870,1870-05-14,French,True,58,58,58,0,0,44
10023,Pierre,de Caters,1875,1875-12-25,Belgian,True,58,58,58,0,0,39
10031,Jean,Porporato,1879,1879-11-13,Italian,True,58,58,58,0,0,58
5,Heikki,Kovalainen,1981,1981-10-19,Finnish,True,58,58,58,0,0,49
118,Derek,Warwick,1954,1954-08-27,British,True,58,58,58,0,0,42
154,Romain,Grosjean,1986,1986-04-17,French,True,58,58,58,0,0,33
848,Alexander,Albon,1996,1996-03-23,Thai,True,58,58,58,0,0,59
408,Tony,Maggs,1937,1937-02-09,South African,True,58,58,58,0,0,58
697,Felice,Bonetto,1903,1903-06-09,Italian,True,58,58,58,0,0,42
807,Nico,Hülkenberg,1987,1987-08-19,German,True,58,58,58,0,0,54
842,Pierre,Gasly,1996,1996-02-07,French,True,58,58,58,0,0,47
643,Roberto,Mieres,1924,1924-12-03,Argentine,True,58,58,58,0,0,55
10024,Alessandro,Cagno,1883,1883-05-02,Italian,True,58,58,58,0,0,38
158,Eddie,Cheever,1958,1958-01-10,American,True,58,58,58,0,0,56
122,Ivan,Capelli,1963,1963-05-24,Italian,True,58,58,58,0,0,46
640,Toulo,de Graffenried,1914,1914-05-18,Swiss,True,58,58,58,0,0,59
826,Daniil,Kvyat,1994,1994-04-26,Russian,True,58,58,58,0,0,43
526,Troy,Ruttman,1930,1930-03-11,American,True,58,58,58,0,0,57
580,Paco,Godia,1921,1921-03-21,Spanish,True,58,58,58,0,0,32
687,Peter,Whitehead,1914,1914-11-12,British,True,58,58,58,0,0,32
10018,Arthur,Duray,1882,1882-02-09,Belgian,True,58,58,58,0,0,57
839,Esteban,Ocon,1996,1996-09-17,French,True,58,58,58,0,0,33
44,Olivier,Panis,1966,1966-09-02,French,True,58,58,58,0,0,40
110,Andrea,de Cesaris,1959,1959-05-31,Italian,True,57,57,57,0,0,42
686,Reg,Parnell,1911,1911-07-02,British,True,57,57,57,0,0,51
374,Mike,Spence,1936,1936-12-30,British,True,57,57,57,0,0,52
255,Gunnar,Nilsson,1948,1948-11-20,Swedish,True,57,57,57,0,0,42
25,Alexander,Wurz,1974,1974-02-15,Austrian,True,57,57,57,0,0,49
305,Mike,Hailwood,1940,1940-04-02,British,True,57,57,57,0,0,37
10019,Camille,Jenatzy,1868,1868-01-01,Belgian,True,57,57,57,0,0,46
219,Jean-Pierre,Jabouille,1942,1942-10-01,French,True,57,57,57,0,0,34
589,Louis,Chiron,1899,1899-08-03,Monegasque,True,57,57,57,0,0,49
10028,Jules,Goux,1885,1885-04-06,French,True,57,57,57,0,0,40
11,Takuma,Sato,1977,1977-01-28,Japanese,True,57,57,57,0,0,39
131,Stefano,Modena,1963,1963-05-12,Italian,True,57,57,57,0,0,50
387,Mike,Parkes,1931,1931-09-24,British,True,57,57,57,0,0,48
361,Piers,Courage,1942,1942-05-27,British,True,57,57,57,0,0,53
486,Jack,Fairman,1913,1913-03-15,British,True,57,57,57,0,0,47
10025,Kenelm Lee,Guinness,1887,1887-08-14,British,True,57,57,57,0,0,53
670,Onofre,Marimón,1923,1923-12-19,Argentine,True,57,57,57,0,0,47
825,Kevin,Magnussen,1992,1992-10-05,Danish,True,57,57,57,0,0,57
16,Adrian,Sutil,1983,1983-01-11,German,True,57,57,57,0,0,35
394,Giancarlo,Baghetti,1934,1934-12-25,Italian,True,57,57,57,0,0,45
170,Teo,Fabi,1955,1955-03-09,Italian,True,57,57,57,0,0,49
397,Peter,Arundell,1933,1933-11-08,British,True,57,57,57,0,0,59
320,Peter,Gethin,1940,1940-02-21,British,True,57,57,57,0,0,58
857,Oscar,Piastri,2001,2001-04-06,Australian,True,57,57,57,0,0,38
87,Mark,Blundell,1966,1966-04-08,British,True,57,57,57,0,0,52
10,Timo,Glock,1982,1982-03-18,German,True,57,57,57,0,0,49
840,Lance,Stroll,1998,1998-10-29,Canadian,True,56,56,56,0,0,49
63,Mika,Salo,1966,1966-11-30,Finnish,True,56,56,56,0,0,38
50,Jos,Verstappen,1972,1972-03-04,Dutch,True,56,56,56,0,0,56
252,Tom,Pryce,1949,1949-06-11,British,True,56,56,56,0,0,59
808,Vitaly,Petrov,1984,1984-09-08,Russian,True,56,56,56,0,0,53
449,Rodger,Ward,1921,1921-01-10,American,True,56,56,56,0,0,54
375,Ludovico,Scarfiotti,1933,1933-10-18,Italian,True,56,56,56,0,0,50
212,Hector,Rebaque,1956,1956-02-05,Mexican,True,56,56,56,0,0,35
763,Consalvo,Sanesi,1911,1911-03-28,Italian,True,56,56,56,0,0,45
802,Dorino,Serafini,1909,1909-07-22,Italian,True,56,56,56,0,0,35
233,Hans-Joachim,Stuck,1951,1951-01-01,German,True,56,56,56,0,0,54
704,Yves,Cabantous,1904,1904-10-08,French,True,56,56,56,0,0,31
156,Jonathan,Palmer,1956,1956-11-07,British,True,56,56,56,0,0,57
94,Pierluigi,Martini,1961,1961-04-23,Italian,True,56,56,56,0,0,45
37,Pedro,de la Rosa,1971,1971-02-24,Spanish,True,56,56,56,0,0,58
230,Vittorio,Brambilla,1937,1937-11-11,Italian,True,56,56,56,0,0,40
383,Bob,Anderson,1931,1931-05-19,British,True,56,56,56,0,0,34
541,Ron,Flockhart,1923,1923-06-16,British,True,56,56,56,0,0,34
663,Ken,Wharton,1916,1916-03-21,British,True,56,56,56,0,0,34
243,Rolf,Stommelen,1943,1943-07-11,German,True,56,56,56,0,0,43
100,Érik,Comas,1963,1963-09-28,French,True,56,56,56,0,0,58
340,John,Love,1924,1924-12-07,Rhodesian,True,56,56,56,0,0,47
121,Michael,Andretti,1962,1962-10-05,American,True,56,56,56,0,0,40
695,Oscar,Gálvez,1913,1913-08-17,Argentine,True,56,56,56,0,0,44
155,Kamui,Kobayashi,1986,1986-09-13,Japanese,True,56,56,56,0,0,49
91,Karl,Wendlinger,1968,1968-12-20,Austrian,True,56,56,56,0,0,32
814,Paul,di Resta,1986,1986-04-16,British,True,56,56,56,0,0,31
206,Derek,Daly,1953,1953-03-11,Irish,True,56,56,56,0,0,35
109,Jyrki,Järvilehto,1966,1966-01-31,Finnish,True,55,55,55,0,0,34
477,Cliff,Allison,1932,1932-02-08,British,True,55,55,55,0,0,40
138,Satoru,Nakajima,1953,1953-02-23,Japanese,True,55,55,55,0,0,38
317,Reine,Wisell,1941,1941-09-30,Swedish,True,55,55,55,0,0,55
606,Alfonso,de Portago,1928,1928-10-11,Spanish,True,55,55,55,0,0,34
88,Aguri,Suzuki,1960,1960-09-08,Japanese,True,55,55,55,0,0,36
232,Arturo,Merzario,1943,1943-03-11,Italian,True,55,55,55,0,0,46
12,Nelson,Piquet Jr.,1985,1985-07-25,Brazilian,True,55,55,55,0,0,48
423,Gerhard,Mitter,1935,1935-08-30,German,True,55,55,55,0,0,59
742,Dennis,Poore,1916,1916-08-19,British,True,55,55,55,0,0,45
793,Raymond,Sommer,1906,1906-08-31,French,True,55,55,55,0,0,32
607,Cesare,Perdisa,1932,1932-10-21,Italian,True,55,55,55,0,0,48
496,Carlos,Menditeguy,1914,1914-08-10,Argentine,True,55,55,55,0,0,40
176,Marc,Surer,1951,1951-09-18,Swiss,True,55,55,55,0,0,39
818,Jean-Éric,Vergne,1990,1990-04-25,French,True,55,55,55,0,0,44
307,Howden,Ganley,1941,1941-12-24,New Zealander,True,55,55,55,0,0,59
127,Maurício,Gugelmin,1963,1963-04-20,Brazilian,True,55,55,55,0,0,32
43,Cristiano,da Matta,1973,1973-09-19,Brazilian,True,55,55,55,0,0,44
831,Felipe,Nasr,1992,1992-08-21,Brazilian,True,55,55,55,0,0,53
103,Éric,Bernard,1964,1964-08-24,French,True,55,55,55,0,0,41
92,Bertrand,Gachot,1962,1962-12-23,Belgian,True,55,55,55,0,0,58
644,Sergio,Mantovani,1929,1929-05-22,Italian,True,55,55,55,0,0,30
440,Jim,Hall,1935,1935-07-23,American,True,55,55,55,0,0,56
689,Alan,Brown,1919,1919-11-20,British,True,55,55,55,0,0,57
174,Johnny,Dumfries,1958,1958-04-26,British,True,55,55,55,0,0,34
332,George,Follmer,1934,1934-01-27,American,True,55,55,55,0,0,30
10027,Carl,Jorns,1875,1875-12-11,German,True,55,55,55,0,0,36
64,Pedro,Diniz,1970,1970-05-22,Brazilian,True,55,55,55,0,0,58
852,Yuki,Tsunoda,2000,2000-05-11,Japanese,True,55,55,55,0,0,44
166,Philippe,Streiff,1955,1955-06-26,French,True,55,55,55,0,0,48
813,Pastor,Maldonado,1985,1985-03-09,Venezuelan,True,54,54,54,0,0,48
104,Christian,Fittipaldi,1971,1971-01-18,Brazilian,True,54,54,54,0,0,50
435,Willy,Mairesse,1928,1928-10-01,Belgian,True,54,54,54,0,0,35
430,Carel Godin,de Beaufort,1934,1934-04-10,Dutch,True,54,54,54,0,0,46
350,Vic,Elford,1935,1935-06-10,British,True,54,54,54,0,0,57
78,Nicola,Larini,1964,1964-03-19,Italian,True,54,54,54,0,0,33
41,Ricardo,Zonta,1976,1976-03-23,Brazilian,True,54,54,54,0,0,34
153,Jaime,Alguersuari,1990,1990-03-23,Spanish,True,54,54,54,0,0,51
81,Gianni,Morbidelli,1968,1968-01-13,Italian,True,54,54,54,0,0,40
741,Philippe,Étancelin,1896,1896-12-28,French,True,54,54,54,0,0,50
396,Bob,Bondurant,1933,1933-04-27,American,True,54,54,54,0,0,52
67,Sébastien,Buemi,1988,1988-10-31,Swiss,True,54,54,54,0,0,54
32,Christian,Klien,1983,1983-02-07,Austrian,True,54,54,54,0,0,36
333,Andrea,de Adamich,1941,1941-10-03,Italian,True,54,54,54,0,0,57
24,Vitantonio,Liuzzi,1980,1980-08-06,Italian,True,54,54,54,0,0,42
152,Bruno,Giacomelli,1952,1952-09-10,Italian,True,54,54,54,0,0,58
42,Antônio,Pizzonia,1980,1980-09-11,Brazilian,True,54,54,54,0,0,53
838,Stoffel,Vandoorne,1992,1992-03-26,Belgian,True,54,54,54,0,0,30
429,André,Pilette,1918,1918-10-06,Belgian,True,54,54,54,0,0,31
811,Bruno,Senna,1983,1983-10-15,Brazilian,True,54,54,54,0,0,39
854,Mick,Schumacher,1999,1999-03-22,German,True,54,54,54,0,0,41
821,Esteban,Gutiérrez,1991,1991-08-05,Mexican,True,54,54,54,0,0,55
609,André,Simon,1920,1920-01-05,French,True,54,54,54,0,0,59
33,Tiago,Monteiro,1976,1976-07-24,Portuguese,True,54,54,54,0,0,30
774,Eugène,Chaboud,1907,1907-04-12,French,True,54,54,54,0,0,40
351,Silvio,Moser,1941,1941-04-24,Swiss,True,54,54,54,0,0,42
184,Mauro,Baldi,1954,1954-01-31,Italian,True,54,54,54,0,0,34
185,Stefan,Bellof,1957,1957-11-20,German,True,54,54,54,0,0,46
96,Jean-Christophe,Boullion,1969,1969-12-27,French,True,54,54,54,0,0,57
841,Antonio,Giovinazzi,1993,1993-12-14,Italian,True,54,54,54,0,0,59
112,Philippe,Alliot,1954,1954-07-27,French,True,54,54,54,0,0,49
48,Marc,Gené,1974,1974-03-29,Spanish,True,54,54,54,0,0,53
828,Marcus,Ericsson,1990,1990-09-02,Swedish,True,53,53,53,0,0,50
835,Jolyon,Palmer,1991,1991-01-20,British,True,53,53,53,0,0,54
7,Sébastien,Bourdais,1979,1979-02-28,French,True,53,53,53,0,0,46
824,Jules,Bianchi,1989,1989-08-03,French,True,53,53,53,0,0,35
849,Nicholas,Latifi,1995,1995-06-29,Canadian,True,53,53,53,0,0,46
76,Jan,Magnussen,1973,1973-07-04,Danish,True,53,53,53,0,0,37
624,Hernando,da Silva Ramos,1925,1925-12-07,Brazilian,True,53,53,53,0,0,58
193,Danny,Sullivan,1950,1950-03-09,American,True,53,53,53,0,0,52
743,Eric,Thompson,1919,1919-11-04,British,True,53,53,53,0,0,46
855,Guanyu,Zhou,1999,1999-05-30,Chinese,True,53,53,53,0,0,45
836,Pascal,Wehrlein,1994,1994-10-18,German,True,53,53,53,0,0,48
83,Pedro,Lamy,1972,1972-03-20,Portuguese,True,53,53,53,0,0,43
73,Ricardo,Rosset,1968,1968-07-27,Brazilian,True,53,53,53,0,0,37
157,Christian,Danner,1958,1958-04-04,German,True,53,53,53,0,0,50
114,Yannick,Dalmas,1961,1961-07-28,French,True,53,53,53,0,0,51
566,Carroll,Shelby,1923,1923-01-11,American,True,53,53,53,0,0,45
139,Emanuele,Pirro,1962,1962-01-12,Italian,True,53,53,53,0,0,33
39,Narain,Karthikeyan,1977,1977-01-14,Indian,True,53,53,53,0,0,30
547,Horace,Gould,1918,1918-09-20,British,True,53,53,53,0,0,52
543,Giulio,Cabianca,1923,1923-02-19,Italian,True,53,53,53,0,0,49
433,Walt,Hansgen,1919,1919-10-28,American,True,53,53,53,0,0,58
736,Roger,Laurent,1913,1913-02-21,Belgian,True,53,53,53,0,0,50
660,Johnny,Claes,1916,1916-08-11,Belgian,True,53,53,53,0,0,56
27,Christijan,Albers,1979,1979-04-16,Dutch,True,53,53,53,0,0,44
843,Brendon,Hartley,1989,1989-11-10,New Zealander,True,53,53,53,0,0,31
160,Piercarlo,Ghinzani,1952,1952-01-16,Italian,True,53,53,53,0,0,49
353,Pete,Lovely,1926,1926-04-11,American,True,53,53,53,0,0,48
410,Neville,Lederle,1938,1938-09-25,South African,True,53,53,53,0,0,46
52,Ralph,Firman,1975,1975-05-20,Irish,True,53,53,53,0,0,54
66,Allan,McNish,1969,1969-12-29,British,True,53,53,53,0,0,42
74,Esteban,Tuero,1978,1978-04-22,Argentine,True,53,53,53,0,0,46
833,Roberto,Merhi,1991,1991-03-22,Spanish,True,53,53,53,0,0,56
26,Scott,Speed,1983,1983-01-24,American,True,53,53,53,0,0,50
68,Toranosuke,Takagi,1974,1974-02-12,Japanese,True,53,53,53,0,0,48
54,Luciano,Burti,1975,1975-03-05,Brazilian,True,52,52,52,0,0,50
47,Zsolt,Baumgartner,1981,1981-01-01,Hungarian,True,52,52,52,0,0,42
62,Alex,Yoong,1976,1976-07-20,Malaysian,True,52,52,52,0,0,55
680,Jacques,Swaters,1926,1926-10-30,American,True,52,52,52,0,0,51
399,John,Taylor,1933,1933-03-23,British,True,52,52,52,0,0,36
661,Peter,Walker,1912,1912-10-07,British,True,52,52,52,0,0,42
51,Justin,Wilson,1978,1978-07-31,British,True,52,52,52,0,0,38
448,Peter,Broeker,1926,1926-05-15,Canadian,True,52,52,52,0,0,37
834,Alexander,Rossi,1991,1991-09-25,American,True,52,52,52,0,0,49
845,Sergey,Sirotkin,1995,1995-08-27,Russian,True,52,52,52,0,0,53
859,Liam,Lawson,2002,2002-02-11,New Zealander,True,52,52,52,0,0,46
59,Enrique,Bernoldi,1978,1978-10-19,Brazilian,True,52,52,52,0,0,35
773,Pierre,Levegh,1905,1905-12-22,French,True,52,52,52,0,0,30
856,Nyck,de Vries,1995,1995-02-06,Dutch,True,52,52,52,0,0,39
229,Harald,Ertl,1948,1948-08-31,Austrian,True,52,52,52,0,0,58
622,Chico,Landi,1907,1907-07-14,Brazilian,True,52,52,52,0,0,30
650,Jacques,Pollet,1922,1922-07-02,French,True,52,52,52,0,0,57
40,Patrick,Friesacher,1980,1980-09-26,Austrian,True,52,52,52,0,0,59
853,Nikita,Mazepin,1999,1999-03-02,Russian,True,52,52,52,0,0,49
858,Logan,Sargeant,2000,2000-12-31,American,True,52,52,52,0,0,44
19,Anthony,Davidson,1979,1979-04-18,British,True,52,52,52,0,0,33
211,Rupert,Keegan,1955,1955-02-26,British,True,52,52,52,0,0,50
431,Edgar,Barth,1917,1917-01-26,German,True,52,52,52,0,0,49
322,David,Hobbs,1939,1939-06-09,British,True,52,52,52,0,0,51
812,Karun,Chandhok,1984,1984-01-19,Indian,True,52,52,52,0,0,43
239,Brett,Lunger,1945,1945-11-14,American,True,52,52,52,0,0,34
148,Gregor,Foitek,1965,1965-03-27,Swiss,True,52,52,52,0,0,53
721,Peter,Hirt,1910,1910-03-30,Swiss,True,52,52,52,0,0,37
97,Massimiliano,Papis,1969,1969-10-03,Italian,True,52,52,52,0,0,51
851,Jack,Aitken,1995,1995-09-23,British,True,52,52,52,0,0,59
217,Ricardo,Zunino,1949,1949-04-13,Argentine,True,52,52,52,0,0,32
192,Chico,Serra,1957,1957-02-03,Brazilian,True,52,52,52,0,0,41
141,Julian,Bailey,1961,1961-10-09,British,True,52,52,52,0,0,31
99,Gabriele,Tarquini,1962,1962-03-02,Italian,True,52,52,52,0,0,52
586,Luigi,Piotti,1913,1913-10-27,Italian,True,52,52,52,0,0,42
53,Nicolas,Kiesa,1978,1978-03-03,Danish,True,52,52,52,0,0,56
735,Charles,de Tornaco,1927,1927-06-07,Belgian,True,51,51,51,0,0,39
787,Cuth,Harrison,1906,1906-07-06,British,True,51,51,51,0,0,34
850,Pietro,Fittipaldi,1996,1996-06-25,Brazilian,True,51,51,51,0,0,35
181,Manfred,Winkelhock,1951,1951-10-06,German,True,51,51,51,0,0,49
29,Sakon,Yamamoto,1982,1982-07-09,Japanese,True,51,51,51,0,0,47
190,Corrado,Fabi,1961,1961-04-12,Italian,True,51,51,51,0,0,48
352,George,Eaton,1945,1945-11-12,Canadian,True,51,51,51,0,0,51
196,Raul,Boesel,1957,1957-12-04,Brazilian,True,51,51,51,0,0,56
693,Fred,Wacker,1918,1918-07-10,American,True,51,51,51,0,0,39
708,Duncan,Hamilton,1920,1920-04-30,British,True,51,51,51,0,0,51
256,Larry,Perkins,1950,1950-03-18,Australian,True,51,51,51,0,0,40
390,Alan,Rees,1938,1938-01-12,British,True,51,51,51,0,0,46
800,Nello,Pagani,1911,1911-10-11,Italian,True,51,51,51,0,0,45
810,Lucas,di Grassi,1984,1984-08-11,Brazilian,True,51,51,51,0,0,54
837,Rio,Haryanto,1993,1993-01-22,Indonesian,True,51,51,51,0,0,47
651,Lance,Macklin,1919,1919-09-02,British,True,51,51,51,0,0,47
209,Geoff,Lees,1951,1951-05-01,British,True,51,51,51,0,0,38
778,Brian,Shawe Taylor,1915,1915-01-28,British,True,51,51,51,0,0,34
253,Ingo,Hoffmann,1953,1953-02-28,Brazilian,True,51,51,51,0,0,35
169,Pascal,Fabre,1960,1960-01-09,French,True,51,51,51,0,0,49
276,Bob,Evans,1947,1947-06-11,British,True,51,51,51,0,0,34
764,Guy,Mairesse,1910,1910-08-10,French,True,51,51,51,0,0,52
567,Fritz,d'Orey,1938,1938-03-25,Brazilian,True,51,51,51,0,0,43
751,Fritz,Riess,1922,1922-07-11,German,True,51,51,51,0,0,53
93,Domenico,Schiattarella,1967,1967-11-17,Italian,True,51,51,51,0,0,41
313,Rikky,von Opel,1947,1947-10-14,Liechtensteiner,True,51,51,51,0,0,50
762,Franco,Rol,1908,1908-06-05,Italian,True,51,51,51,0,0,38
411,Doug,Serrurier,1920,1920-12-09,South African,True,51,51,51,0,0,51
259,David,Purley,1945,1945-01-26,British,True,51,51,51,0,0,36
413,Ernie,Pieterse,1938,1938-07-04,South African,True,51,51,51,0,0,53
780,Toni,Branca,1916,1916-09-15,Swiss,True,51,51,51,0,0,56
688,Eric,Brandon,1920,1920-07-18,British,True,51,51,51,0,0,49
719,Albert,Scherrer,1908,1908-02-28,Swiss,True,51,51,51,0,0,43
788,Joe,Fry,1915,1915-10-26,British,True,51,51,51,0,0,45
424,Roberto,Bussinello,1927,1927-10-04,Italian,True,51,51,51,0,0,44
297,Torsten,Palm,1947,1947-07-23,Swedish,True,51,51,51,0,0,48
101,David,Brabham,1965,1965-09-05,Australian,True,51,51,51,0,0,57
466,Heini,Walter,1927,1927-07-28,Swiss,True,51,51,51,0,0,35
463,Jay,Chamberlain,1925,1925-12-29,American,True,50,50,50,0,0,30
752,Helmut,Niedermayr,1915,1915-11-29,German,True,50,50,50,0,0,45
783,Georges,Grignard,1905,1905-07-25,French,True,50,50,50,0,0,59
765,Henri,Louveau,1910,1910-01-25,French,True,50,50,50,0,0,42
789,Eugène,Martin,1915,1915-03-24,French,True,50,50,50,0,0,31
791,Clemente,Biondetti,1898,1898-08-18,Italian,True,50,50,50,0,0,56
717,Hans,von Stuck,1900,1900-12-27,German,True,50,50,50,0,0,54
142,Pedro,Chaves,1965,1965-02-27,Portuguese,True,50,50,50,0,0,32
777,Philip,Fotheringham-Parker,1907,1907-09-22,British,True,50,50,50,0,0,54
710,Rudolf,Krause,1907,1907-03-30,East German,True,50,50,50,0,0,47
709,Ernst,Klodwig,1903,1903-05-23,East German,True,50,50,50,0,0,30
782,Juan,Jover,1903,1903-11-23,Spanish,True,50,50,50,0,0,33
790,Leslie,Johnson,1912,1912-03-22,British,True,50,50,50,0,0,34
703,Arthur,Legat,1898,1898-11-01,Belgian,True,50,50,50,0,0,50
792,Alfredo,Pián,1912,1912-10-21,Argentine,True,50,50,50,0,0,59
737,Robert,O'Brien,1908,1908-04-11,American,True,50,50,50,0,0,40
694,Giovanni,de Riu,1925,1925-03-10,Italian,True,50,50,50,0,0,40
750,Adolf,Brudes,1899,1899-10-15,German,True,50,50,50,0,0,38
755,Rudolf,Schoeller,1902,1902-04-27,Swiss,True,50,50,50,0,0,36
749,Bill,Aston,1900,1900-03-29,British,True,50,50,50,0,0,41
760,Piero,Dusio,1899,1899-10-13,Italian,True,50,50,50,0,0,31
860,Oliver,Bearman,2005,2005-05-08,British,True,50,50,50,0,0,50
861,Carlos,Ribeiro,1843,1843-01-01,Brazilian,True,50,50,50,0,0,44
862,Roger,Cabantous,1843,1843-01-01,French,True,50,50,50,0,0,56
863,Philippe,Mairesse,1843,1843-01-01,French,True,50,50,50,0,0,52
864,Emanuele,Ghinzani,1844,1844-01-01,Italian,True,50,50,50,0,0,42
865,Giancarlo,Morbidelli,1844,1844-01-01,Italian,True,50,50,50,0,0,57
866,Gabriele,Pirro,1844,1844-01-01,Italian,True,50,50,50,0,0,33
867,Peter,Berg,1844,1844-01-01,Canadian,True,50,50,50,0,0,53
868,Luiz,Fittipaldi,1845,1845-01-01,Brazilian,True,50,50,50,0,0,50
869,André,Mass,1845,1845-01-01,German,True,50,50,50,0,0,42
870,Gianni,Papis,1845,1845-01-01,Italian,True,50,50,50,0,0,53
871,Yuki,Kobayashi,1845,1845-01-01,Japanese,True,50,50,50,0,0,53
872,Lance,Reventlow,1846,1846-01-01,American,True,50,50,50,0,0,32
873,David,Chilton,1846,1846-01-01,British,True,50,50,50,0,0,58
874,Robin,Campbell-Jones,1846,1846-01-01,British,True,50,50,50,0,0,48
875,Felice,Amati,1846,1846-01-01,Italian,True,50,50,50,0,0,50
876,John,Taylor,1847,1847-01-01,British,True,50,50,50,0,0,34
877,Erwin,Ulmen,1847,1847-01-01,German,True,50,50,50,0,0,35
878,Geoff,Wilson,1847,1847-01-01,British,True,50,50,50,0,0,34
879,Bob,Surtees,1847,1847-01-01,British,True,49,49,49,0,0,48
880,Sakon,Suzuki,1848,1848-01-01,Japanese,True,49,49,49,0,0,59
881,Divina,Watson,1848,1848-01-01,British,True,49,49,49,0,0,43
882,Paul,van de Poele,1848,1848-01-01,Belgian,True,49,49,49,0,0,47
883,Éric,Manzon,1848,1848-01-01,French,True,49,49,49,0,0,47
884,Maurice,Jabouille,1849,1849-01-01,French,True,49,49,49,0,0,57
885,Patrick,Vergne,1849,1849-01-01,French,True,49,49,49,0,0,45
886,Óscar,Fontes,1849,1849-01-01,Uruguayan,True,49,49,49,0,0,46
887,Carroll,Ginther,1849,1849-01-01,American,True,49,49,49,0,0,53
888,Adolfo,Bordeu,1850,1850-01-01,Argentine,True,49,49,49,0,0,49
889,Jaime,Creus,1850,1850-01-01,Spanish,True,49,49,49,0,0,42
890,Stirling,Marsh,1850,1850-01-01,British,True,49,49,49,0,0,39
891,André,Vandoorne,1850,1850-01-01,Belgian,True,49,49,49,0,0,44
892,Rupert,Wharton,1851,1851-01-01,British,True,49,49,49,0,0,34
893,Bob,Galica,1851,1851-01-01,British,True,49,49,49,0,0,59
894,Beppe,Trulli,1851,1851-01-01,Italian,True,49,49,49,0,0,59
895,Harald,Lauda,1851,1851-01-01,Austrian,True,49,49,49,0,0,37
896,Lance,Villeneuve,1852,1852-01-01,Canadian,True,49,49,49,0,0,48
897,François,Guelfi,1852,1852-01-01,French,True,49,49,49,0,0,51
898,Robert,Manzon,1852,1852-01-01,French,True,49,49,49,0,0,52
899,Alan,Brabham,1852,1852-01-01,Australian,True,49,49,49,0,0,52
900,Brian,Evans,1853,1853-01-01,British,True,49,49,49,0,0,37
901,Kurt,Vettel,1853,1853-01-01,German,True,49,49,49,0,0,33
902,Masahiro,Hattori,1853,1853-01-01,Japanese,True,49,49,49,0,0,41
903,Onofre,Guerra,1854,1854-01-01,Argentine,True,49,49,49,0,0,47
904,Charles,Leclère,1854,1854-01-01,French,True,49,49,49,0,0,39
905,Karl,Herrmann,1854,1854-01-01,German,True,49,49,49,0,0,41
906,Gijs,Verstappen,1854,1854-01-01,Dutch,True,49,49,49,0,0,54
907,Toni,Bellof,1855,1855-01-01,German,True,49,49,49,0,0,32
908,Roger,van de Poele,1855,1855-01-01,Belgian,True,49,49,49,0,0,45
909,Johnny,Wilds,1855,1855-01-01,British,True,49,49,49,0,0,50
910,Bobby,Ginther,1855,1855-01-01,American,True,49,49,49,0,0,37
911,Kenny,Palmer,1856,1856-01-01,British,True,49,49,49,0,0,47
912,Luiz,Landi,1856,1856-01-01,Brazilian,True,49,49,49,0,0,43
913,Fritz,Schneider,1856,1856-01-01,German,True,49,49,49,0,0,55
914,Rob,Flockhart,1857,1857-01-01,British,True,49,49,49,0,0,58
915,Felice,Taramazzo,1857,1857-01-01,Italian,True,49,49,49,0,0,30
916,Teddy,van de Poele,1857,1857-01-01,Belgian,True,49,49,49,0,0,46
917,Christijan,van der Garde,1857,1857-01-01,Dutch,True,49,49,49,0,0,30
918,Lucas,Gugelmin,1858,1858-01-01,Brazilian,True,49,49,49,0,0,57
919,Chris,Bridger,1858,1858-01-01,British,True,49,49,49,0,0,39
920,Tiff,Ashley,1858,1858-01-01,British,True,49,49,49,0,0,33
921,Michael,Kling,1858,1858-01-01,German,True,48,48,48,0,0,50
922,Eppie,Cordts,1859,1859-01-01,Canadian,True,48,48,48,0,0,38
923,Carel Godin,Doornbos,1859,1859-01-01,Dutch,True,48,48,48,0,0,57
924,Brian,Brabham,1859,1859-01-01,Australian,True,48,48,48,0,0,50
925,Tony,Lawson,1859,1859-01-01,New Zealander,True,48,48,48,0,0,51
926,Shinji,Nakano,1860,1860-01-01,Japanese,True,48,48,48,0,0,48
927,Alessandro,Ghinzani,1860,1860-01-01,Italian,True,48,48,48,0,0,39
928,Graham,Parnell,1860,1860-01-01,British,True,48,48,48,0,0,52
929,Mika,Salo,1860,1860-01-01,Finnish,True,48,48,48,0,0,37
930,Geoff,Elford,1861,1861-01-01,British,True,48,48,48,0,0,57
931,Jan,Pon,1861,1861-01-01,Dutch,True,48,48,48,0,0,46
932,Eric,van de Poele,1861,1861-01-01,Belgian,True,48,48,48,0,0,43
933,Stuart,Miles,1861,1861-01-01,British,True,48,48,48,0,0,33
934,Giulio,Fabi,1862,1862-01-01,Italian,True,48,48,48,0,0,41
935,Vern,Brown,1862,1862-01-01,Australian,True,48,48,48,0,0,51
936,Jacques,Broeker,1862,1862-01-01,Canadian,True,48,48,48,0,0,55
937,Alberto,Menditeguy,1863,1863-01-01,Argentine,True,48,48,48,0,0,33
938,Geoff,Hill,1863,1863-01-01,British,True,48,48,48,0,0,40
939,Corrado,Giacomelli,1864,1864-01-01,Italian,True,48,48,48,0,0,49
940,Dave,de Klerk,1864,1864-01-01,South African,True,48,48,48,0,0,39
941,André,Bellof,1864,1864-01-01,German,True,48,48,48,0,0,51
942,Elio,Langes,1865,1865-01-01,Italian,True,48,48,48,0,0,54
943,Tony,James,1865,1865-01-01,British,True,48,48,48,0,0,53
944,Alan,Prophet,1865,1865-01-01,British,True,48,48,48,0,0,48
945,Ronnie,Wisell,1865,1865-01-01,Swedish,True,48,48,48,0,0,36
946,Hans,Hahne,1866,1866-01-01,German,True,48,48,48,0,0,52
947,Jesús,Fontana,1866,1866-01-01,Argentine,True,48,48,48,0,0,35
948,Joe,Lewis-Evans,1866,1866-01-01,British,True,48,48,48,0,0,50
949,Arturo,Patrese,1866,1866-01-01,Italian,True,48,48,48,0,0,30
950,Fred,Rossi,1867,1867-01-01,American,True,48,48,48,0,0,33
951,Ian,Davidson,1867,1867-01-01,British,True,48,48,48,0,0,59
952,Piero,Modena,1867,1867-01-01,Italian,True,48,48,48,0,0,52
953,Duncan,Rollinson,1867,1867-01-01,British,True,48,48,48,0,0,41
954,Jack,Kavanagh,1868,1868-01-01,Australian,True,48,48,48,0,0,50
955,Ian,Burgess,1868,1868-01-01,British,True,48,48,48,0,0,42
956,Heinz-Harald,Seidel,1868,1868-01-01,German,True,48,48,48,0,0,33
957,François,Migault,1869,1869-01-01,French,True,48,48,48,0,0,54
958,Ivor,Irvine,1869,1869-01-01,British,True,48,48,48,0,0,51
959,Hiroshi,Nakano,1869,1869-01-01,Japanese,True,48,48,48,0,0,54
960,Ayrton,Bueno,1869,1869-01-01,Brazilian,True,48,48,48,0,0,51
961,Fred,Shelby,1870,1870-01-01,American,True,48,48,48,0,0,56
962,François,La Caze,1870,1870-01-01,French,True,48,48,48,0,0,32
963,Ian,Herbert,1870,1870-01-01,British,True,48,48,48,0,0,55
964,Ian,Piper,1871,1871-01-01,British,True,48,48,48,0,0,50
965,Peter,Stacey,1871,1871-01-01,British,True,47,47,47,0,0,58
966,Mike,Barber,1871,1871-01-01,American,True,47,47,47,0,0,59
967,Mike,Brown,1871,1871-01-01,British,True,47,47,47,0,0,55
968,Michael,Winkelhock,1872,1872-01-01,German,True,47,47,47,0,0,31
969,Ray,Johnstone,1872,1872-01-01,South African,True,47,47,47,0,0,49
970,Patrick,Larrousse,1872,1872-01-01,French,True,47,47,47,0,0,37
971,Mike,Hartley,1872,1872-01-01,New Zealander,True,47,47,47,0,0,32
972,Bernard,Sarrazin,1873,1873-01-01,French,True,47,47,47,0,0,53
973,Slim,Johansson,1873,1873-01-01,Swedish,True,47,47,47,0,0,32
974,Christian,Wurz,1873,1873-01-01,Austrian,True,47,47,47,0,0,41
975,Oswald,Kuhnke,1874,1874-01-01,German,True,47,47,47,0,0,46
976,Marco,Francia,1874,1874-01-01,Italian,True,47,47,47,0,0,59
977,Joe,Moss,1874,1874-01-01,British,True,47,47,47,0,0,36
978,Stefan,Glock,1874,1874-01-01,German,True,47,47,47,0,0,45
979,Josef,Adolff,1875,1875-01-01,German,True,47,47,47,0,0,33
980,Robin,Redman,1875,1875-01-01,British,True,47,47,47,0,0,54
981,Dan,Penske,1876,1876-01-01,American,True,47,47,47,0,0,40
982,Jacques,Wietzes,1876,1876-01-01,Canadian,True,47,47,47,0,0,55
983,Loris,de Graffenried,1877,1877-01-01,Swiss,True,47,47,47,0,0,44
984,Thomas,Fitch,1877,1877-01-01,American,True,47,47,47,0,0,39
985,Nicholas,Berg,1877,1877-01-01,Canadian,True,47,47,47,0,0,41
986,Carlos,Pérez-Sala,1878,1878-01-01,Spanish,True,47,47,47,0,0,44
987,Paul,Brabham,1878,1878-01-01,Australian,True,47,47,47,0,0,52
988,Bruce,Brooks,1878,1878-01-01,British,True,47,47,47,0,0,40
989,Carlos,Nasr,1879,1879-01-01,Brazilian,True,47,47,47,0,0,51
990,François,Gordini,1879,1879-01-01,French,True,47,47,47,0,0,30
991,Érik,Panis,1879,1879-01-01,French,True,47,47,47,0,0,31
992,Peter,Délétraz,1880,1880-01-01,Swiss,True,47,47,47,0,0,56
993,Giorgio,Baghetti,1880,1880-01-01,Italian,True,47,47,47,0,0,41
994,Daniil,Mazepin,1880,1880-01-01,Russian,True,47,47,47,0,0,45
995,Arturo,Piotti,1880,1880-01-01,Italian,True,47,47,47,0,0,41
996,Bruce,Hailwood,1881,1881-01-01,British,True,47,47,47,0,0,50
997,Joe,Firman,1881,1881-01-01,Irish,True,47,47,47,0,0,54
998,Boy,Albers,1882,1882-01-01,Dutch,True,47,47,47,0,0,56
999,Karl,Sutil,1882,1882-01-01,German,True,47,47,47,0,0,54
1000,Romain,Gordini,1882,1882-01-01,French,True,47,47,47,0,0,59
1001,Massimiliano,Zorzi,1883,1883-01-01,Italian,True,47,47,47,0,0,47
1002,Michael,Lunger,1884,1884-01-01,American,True,47,47,47,0,0,39
1003,Scott,Gregory,1884,1884-01-01,American,True,47,47,47,0,0,58
1004,Christijan,Slotemaker,1885,1885-01-01,Dutch,True,47,47,47,0,0,37
1005,Teo,Starrabba,1885,1885-01-01,Italian,True,47,47,47,0,0,52
1006,Will,Rees,1885,1885-01-01,British,True,47,47,47,0,0,49
1007,Ronnie,Barber,1886,1886-01-01,American,True,47,47,47,0,0,39
1008,Gerhard,Rindt,1886,1886-01-01,Austrian,True,47,47,47,0,0,35
1009,Tony,Hampshire,1886,1886-01-01,British,True,47,47,47,0,0,44
1010,Helmut,Stuppacher,1886,1886-01-01,Austrian,True,47,47,47,0,0,34
1011,Franco,de Adamich,1887,1887-01-01,Italian,True,46,46,46,0,0,45
1012,Masten,Rahal,1887,1887-01-01,American,True,46,46,46,0,0,37
1013,Peter,Miles,1887,1887-01-01,British,True,46,46,46,0,0,48
1014,Doug,Niemann,1888,1888-01-01,South African,True,46,46,46,0,0,37
1015,Roberto,Senna,1888,1888-01-01,Brazilian,True,46,46,46,0,0,49
1016,Karl,Niedermayr,1888,1888-01-01,German,True,46,46,46,0,0,31
1017,Derek,Harrison,1888,1888-01-01,British,True,46,46,46,0,0,31
1018,Volker,Mass,1889,1889-01-01,German,True,46,46,46,0,0,41
1019,Ian,Macklin,1889,1889-01-01,British,True,46,46,46,0,0,42
1020,Chris,Taylor,1889,1889-01-01,British,True,46,46,46,0,0,33
1021,John,Crossley,1889,1889-01-01,British,True,46,46,46,0,0,34
1022,Felipe,Moreno,1890,1890-01-01,Brazilian,True,46,46,46,0,0,49
1023,Patrick,Sparken,1890,1890-01-01,French,True,46,46,46,0,0,45
1024,Alessandro,Fabi,1890,1890-01-01,Italian,True,46,46,46,0,0,56
1025,Huub,van der Lof,1890,1890-01-01,Dutch,True,46,46,46,0,0,41
1026,John,McNish,1891,1891-01-01,British,True,46,46,46,0,0,38
1027,Fred,Sullivan,1891,1891-01-01,American,True,46,46,46,0,0,43
1028,Valtteri,Kovalainen,1891,1891-01-01,Finnish,True,46,46,46,0,0,59
1029,Jonathan,Rolt,1891,1891-01-01,British,True,46,46,46,0,0,41
1030,Paul,Jones,1892,1892-01-01,Australian,True,46,46,46,0,0,33
1031,Alberto,Bussinello,1892,1892-01-01,Italian,True,46,46,46,0,0,50
1032,Esteban,Rebaque,1892,1892-01-01,Mexican,True,46,46,46,0,0,33
1033,Giovanna,Bruni,1893,1893-01-01,Italian,True,46,46,46,0,0,35
1034,Alain,de Tornaco,1893,1893-01-01,Belgian,True,46,46,46,0,0,46
1035,Emanuele,Caffi,1893,1893-01-01,Italian,True,46,46,46,0,0,35
1036,David,Hill,1893,1893-01-01,British,True,46,46,46,0,0,33
1037,Basil,Pretorius,1894,1894-01-01,South African,True,46,46,46,0,0,49
1038,Ernesto,Pirro,1894,1894-01-01,Italian,True,46,46,46,0,0,41
1039,Mike,Irwin,1894,1894-01-01,British,True,46,46,46,0,0,39
1040,Fred,Ruttman,1894,1894-01-01,American,True,46,46,46,0,0,49
1041,Gaetano,Merzario,1895,1895-01-01,Italian,True,46,46,46,0,0,30
1042,Roberto,Godia,1895,1895-01-01,Spanish,True,46,46,46,0,0,45
1043,Logan,Cogan,1895,1895-01-01,American,True,46,46,46,0,0,32
1044,Peter,Brooks,1895,1895-01-01,British,True,46,46,46,0,0,30
1045,Enrico,Modena,1896,1896-01-01,Italian,True,46,46,46,0,0,35
1046,Brian,Brown,1896,1896-01-01,Australian,True,46,46,46,0,0,45
1047,Jonathan,Whitehouse,1896,1896-01-01,British,True,46,46,46,0,0,45
1048,Ronnie,Mayer,1897,1897-01-01,American,True,46,46,46,0,0,44
1049,Justin,Salvadori,1897,1897-01-01,British,True,46,46,46,0,0,40
1050,Kurt,Ahrens,1897,1897-01-01,German,True,46,46,46,0,0,45
1051,Conny,Bonnier,1897,1897-01-01,Swedish,True,46,46,46,0,0,57
1052,Alberto,Fontes,1898,1898-01-01,Uruguayan,True,46,46,46,0,0,52
1053,Brian,Gethin,1899,1899-01-01,British,True,46,46,46,0,0,57
1054,Juan Manuel,Fangio,1900,1900-01-01,Argentine,True,46,46,46,0,0,32
1055,Roberto,Gálvez,1900,1900-01-01,Argentine,True,46,46,46,0,0,53
1056,Bobby,Gregory,1901,1901-01-01,American,True,46,46,46,0,0,49
1057,Mike,Palmer,1901,1901-01-01,British,True,46,46,46,0,0,49
1058,Giovanni,Pesenti-Rossi,1901,1901-01-01,Italian,True,46,46,46,0,0,54
1059,Ian,Pieterse,1902,1902-01-01,South African,True,45,45,45,0,0,51
1060,George,Broeker,1902,1902-01-01,Canadian,True,45,45,45,0,0,39
1061,Jo,Berger,1902,1902-01-01,Austrian,True,45,45,45,0,0,59
1062,Leslie,di Resta,1903,1903-01-01,British,True,45,45,45,0,0,31
1063,Roger,Lucas,1904,1904-01-01,French,True,45,45,45,0,0,39
1064,Tom,Nelleman,1904,1904-01-01,Danish,True,45,45,45,0,0,41
1065,Didier,Fabre,1904,1904-01-01,French,True,45,45,45,0,0,32
1066,Mark,Gurney,1908,1908-01-01,American,True,45,45,45,0,0,56
1067,Bruce,Scheckter,1925,1925-01-01,South African,True,45,45,45,0,0,57
1068,Trevor,Blundell,1967,1967-01-01,British,True,45,45,45,0,0,45
1069,Dave,Gubby,1967,1967-01-01,British,True,45,45,45,0,0,46
1070,Thierry,Vandoorne,1970,1970-01-01,Belgian,True,45,45,45,0,0,47
1071,Pascal,Kling,1970,1970-01-01,German,True,45,45,45,0,0,36
1072,Innes,Taylor,1970,1970-01-01,British,True,45,45,45,0,0,43
1073,Alan,MacDowel,1972,1972-01-01,British,True,45,45,45,0,0,36
1074,Cesare,Naspetti,1973,1973-01-01,Italian,True,45,45,45,0,0,55
1075,Andy,Taylor,1977,1977-01-01,British,True,45,45,45,0,0,58
1076,Chris,Morgan,1982,1982-01-01,British,True,45,45,45,0,0,38
1077,André,Beretta,1982,1982-01-01,Monegasque,True,45,45,45,0,0,58
1078,Alex,Maggs,1986,1986-01-01,South African,True,45,45,45,0,0,34
1079,Carroll,Ruttman,1987,1987-01-01,American,True,45,45,45,0,0,47
1080,Giorgio,Larini,1987,1987-01-01,Italian,True,45,45,45,0,0,55
1081,Bertil,Palm,1988,1988-01-01,Swedish,True,45,45,45,0,0,50
1082,Robert,Kubica,1988,1988-01-01,Polish,True,45,45,45,0,0,58
1083,Doug,van Rooyen,1988,1988-01-01,South African,True,45,45,45,0,0,56
1084,Brausch,Pretorius,1992,1992-01-01,South African,True,45,45,45,0,0,56
1085,Rob,Stewart,1993,1993-01-01,British,True,45,45,45,0,0,33
1086,Tom,Whitehead,1993,1993-01-01,British,True,45,45,45,0,0,55
1087,Olivier,Pilette,1994,1994-01-01,Belgian,True,45,45,45,0,0,59
1088,Eugenio,Ghinzani,1997,1997-01-01,Italian,True,45,45,45,0,0,40
1089,Jacky,Milhoux,1997,1997-01-01,Belgian,True,45,45,45,0,0,40
1090,John,Salvadori,1998,1998-01-01,British,True,45,45,45,0,0,51
1091,Alan,Rollinson,1998,1998-01-01,British,True,45,45,45,0,0,41
1092,Reine,Roos,2000,2000-01-01,Swedish,True,45,45,45,0,0,46
1093,Ralf,Niedermayr,2000,2000-01-01,German,True,45,45,45,0,0,37
1094,Prince,Bira,2001,2001-01-01,Thai,True,45,45,45,0,0,48
1095,Nino,Langes,2001,2001-01-01,Italian,True,45,45,45,0,0,39
1096,Colin,Brown,2001,2001-01-01,British,True,45,45,45,0,0,31
1097,Nelson,Pace,2002,2002-01-01,Brazilian,True,45,45,45,0,0,42
1098,Jarno,Schiattarella,2002,2002-01-01,Italian,True,45,45,45,0,0,35
1099,Giorgio,Capelli,2002,2002-01-01,Italian,True,45,45,45,0,0,45
1100,Ken,Rollinson,2003,2003-01-01,British,True,45,45,45,0,0,50
1101,Leslie,Stewart,2003,2003-01-01,British,True,45,45,45,0,0,53
1102,Jackie,Pieterse,2003,2003-01-01,South African,True,45,45,45,0,0,32
1103,Jack,Gaze,2003,2003-01-01,Australian,True,45,45,45,0,0,48
1104,Liam,Amon,2004,2004-01-01,New Zealander,True,45,45,45,0,0,57
1105,Paul,Brown,2004,2004-01-01,Australian,True,45,45,45,0,0,33
1106,Enrico,Villoresi,2004,2004-01-01,Italian,True,45,45,45,0,0,45
1107,Dave,Kelly,2004,2004-01-01,Irish,True,45,45,45,0,0,40
1108,Ricardo,Guerrero,2005,2005-01-01,Colombian,True,45,45,45,0,0,51
1109,Sergio,Russo,2005,2005-01-01,Italian,True,44,44,44,0,0,53
1110,Thierry,Gachot,2005,2005-01-01,Belgian,True,44,44,44,0,0,33
1111,François,Trintignant,2006,2006-01-01,French,True,44,44,44,0,0,50
1112,Allan,Taylor,2006,2006-01-01,British,True,44,44,44,0,0,37
1113,Jérôme,d'Ambrosio,2006,2006-01-01,Belgian,True,44,44,44,0,0,50
1114,Alfredo,Bonomi,2006,2006-01-01,Argentine,True,44,44,44,0,0,41
1115,Gaetano,Facetti,2007,2007-01-01,Italian,True,44,44,44,0,0,36
1116,Paul,Rosier,2007,2007-01-01,French,True,44,44,44,0,0,40
1117,Lance,Gerard,2007,2007-01-01,British,True,44,44,44,0,0,51
1118,Lloyd,Bucknum,2007,2007-01-01,American,True,44,44,44,0,0,55
1119,Rudolf,Buemi,2008,2008-01-01,Swiss,True,44,44,44,0,0,35
1120,Jody,Scheckter,2008,2008-01-01,South African,True,44,44,44,0,0,46
1121,John,Lewis,2008,2008-01-01,British,True,44,44,44,0,0,53
1122,Mike,Gubby,2008,2008-01-01,British,True,44,44,44,0,0,30
1123,Cliff,Arundell,2009,2009-01-01,British,True,44,44,44,0,0,55
1124,Corrado,Scarlatti,2009,2009-01-01,Italian,True,44,44,44,0,0,57
1125,Logan,Lovely,2009,2009-01-01,American,True,44,44,44,0,0,34
1126,Tom,Belsø,2009,2009-01-01,Danish,True,44,44,44,0,0,48
1127,Michele,Modena,2010,2010-01-01,Italian,True,44,44,44,0,0,49
1128,Leo,Järvilehto,2010,2010-01-01,Finnish,True,44,44,44,0,0,44
1129,Arthur,Berger,2010,2010-01-01,Belgian,True,44,44,44,0,0,31
1130,Guy,Murray,2010,2010-01-01,British,True,44,44,44,0,0,32
1131,Luigi,Rol,2011,2011-01-01,Italian,True,44,44,44,0,0,41
1132,Didier,Mazet,2011,2011-01-01,French,True,44,44,44,0,0,51
1133,Gianmaria,Pesenti-Rossi,2011,2011-01-01,Italian,True,44,44,44,0,0,42
1134,Jonathan,Edwards,2011,2011-01-01,British,True,44,44,44,0,0,51
1135,Paul,Vettel,2012,2012-01-01,German,True,44,44,44,0,0,46
1136,Ottorino,Regazzoni,2012,2012-01-01,Swiss,True,44,44,44,0,0,30
1137,Paddy,Scheckter,2012,2012-01-01,South African,True,44,44,44,0,0,57
1138,Alberto Rodriguez,Daponte,2012,2012-01-01,Argentine,True,44,44,44,0,0,30
1139,Derek,Firman,2013,2013-01-01,Irish,True,44,44,44,0,0,36
1140,Gus,Blanchard,2013,2013-01-01,American,True,44,44,44,0,0,44
1141,Edgar,Glock,2013,2013-01-01,German,True,44,44,44,0,0,58
1142,Ralph,Firman,2013,2013-01-01,Irish,True,44,44,44,0,0,58
1143,Cliff,South,2014,2014-01-01,British,True,44,44,44,0,0,58
1144,Liam,Shelly,2014,2014-01-01,New Zealander,True,44,44,44,0,0,57
1145,Ettore,Cecotto,2014,2014-01-01,Venezuelan,True,44,44,44,0,0,30
1146,Christian,Friesacher,2014,2014-01-01,Austrian,True,44,44,44,0,0,53
1147,Ettore,Cecotto,2015,2015-01-01,Venezuelan,True,44,44,44,0,0,31
1148,John,Barber,2015,2015-01-01,British,True,44,44,44,0,0,55
1149,Antonio,Liuzzi,2015,2015-01-01,Italian,True,44,44,44,0,0,30
1150,Brausch,Johnstone,2015,2015-01-01,South African,True,44,44,44,0,0,56
1151,Alain,Boullion,2016,2016-01-01,French,True,44,44,44,0,0,36
1152,Josef,Adolff,2016,2016-01-01,German,True,44,44,44,0,0,38
1153,Gus,Settember,2016,2016-01-01,American,True,44,44,44,0,0,41
1154,Bob,Davis,2016,2016-01-01,British,True,44,44,44,0,0,47
1155,Lance,Latifi,2017,2017-01-01,Canadian,True,44,44,44,0,0,43
1156,Ettore,Chimeri,2017,2017-01-01,Venezuelan,True,44,44,44,0,0,48
1157,Martin,Fry,2017,2017-01-01,British,True,44,44,44,0,0,34
1158,Chris,Oliver,2017,2017-01-01,British,True,44,44,44,0,0,57
1159,Logan,Gurney,2018,2018-01-01,American,True,44,44,44,0,0,34
1160,Giedo,Verstappen,2018,2018-01-01,Dutch,True,44,44,44,0,0,55
1161,Alessandro,de Tomaso,2018,2018-01-01,Argentine-Italian,True,43,43,43,0,0,39
1162,Tony,van der Vyver,2018,2018-01-01,South African,True,43,43,43,0,0,37
1163,Ottorino,Vonlanthen,2019,2019-01-01,Swiss,True,43,43,43,0,0,52
1164,David,Taylor,2019,2019-01-01,British,True,43,43,43,0,0,34
1165,Juan Manuel,Bonomi,2019,2019-01-01,Argentine,True,43,43,43,0,0,53
1166,Alberto,Zorzi,2019,2019-01-01,Italian,True,43,43,43,0,0,38
1167,Jan,de Beaufort,2020,2020-01-01,Dutch,True,43,43,43,0,0,34
1168,John,Latifi,2020,2020-01-01,Canadian,True,43,43,43,0,0,51
1169,Luigi,Papis,2020,2020-01-01,Italian,True,43,43,43,0,0,40
1170,Ricardo,Solana,2020,2020-01-01,Mexican,True,43,43,43,0,0,43
1171,Bill,Titterington,2021,2021-01-01,British,True,43,43,43,0,0,33
1172,Alberto Rodriguez,Pián,2021,2021-01-01,Argentine,True,43,43,43,0,0,59
1173,Olivier,Testut,2021,2021-01-01,Monegasque,True,43,43,43,0,0,36
1174,Kunimitsu,Yamamoto,2021,2021-01-01,Japanese,True,43,43,43,0,0,36
1175,Robert,Ligier,2022,2022-01-01,French,True,43,43,43,0,0,42
1176,Larry,Gardner,2022,2022-01-01,Australian,True,43,43,43,0,0,57
1177,André,Nève,2022,2022-01-01,Belgian,True,43,43,43,0,0,42
1178,Roberto,Fangio,2022,2022-01-01,Argentine,True,43,43,43,0,0,30
1179,Roger,Milhoux,2023,2023-01-01,Belgian,True,43,43,43,0,0,58
1180,Brian,Stewart,2023,2023-01-01,British,True,43,43,43,0,0,52
1181,Sergio,Rodríguez,2023,2023-01-01,Mexican,True,43,43,43,0,0,31
1182,Pete,Constantine,2023,2023-01-01,American,True,43,43,43,0,0,33
1183,Tommy,Kennedy,2024,2024-01-01,Irish,True,43,43,43,0,0,52
1184,Kenneth,Mansell,2024,2024-01-01,British,True,43,43,43,0,0,59
1185,Sebastian,Mitter,2024,2024-01-01,German,True,43,43,43,0,0,43
1186,Graham,Crossley,2024,2024-01-01,British,True,43,43,43,0,0,51
1187,Jules,Loyer,2025,2025-01-01,French,True,43,43,43,0,0,50
1188,Daniel,Brabham,2025,2025-01-01,Australian,True,43,43,43,0,0,57
1189,Philippe,Pironi,2025,2025-01-01,French,True,43,43,43,0,0,42
1190,Dorino,Bassi,2025,2025-01-01,Italian,True,43,43,43,0,0,33
1191,Alessandro,Facetti,2026,2026-01-01,Italian,True,43,43,43,0,0,44
1192,Lando,Davidson,2026,2026-01-01,British,True,43,43,43,0,0,36
1193,Philippe,Dolhem,2026,2026-01-01,French,True,43,43,43,0,0,42
1194,Patrick,Jarier,2026,2026-01-01,French,True,43,43,43,0,0,51
1195,Daniil,Sirotkin,2027,2027-01-01,Russian,True,43,43,43,0,0,45
1196,Doug,Blokdyk,2027,2027-01-01,South African,True,43,43,43,0,0,46
1197,Alessandro,de Tomaso,2027,2027-01-01,Argentine-Italian,True,43,43,43,0,0,39
1198,Dieter,Wendlinger,2027,2027-01-01,Austrian,True,43,43,43,0,0,48
1199,Richard,Poore,2028,2028-01-01,British,True,43,43,43,0,0,40
1200,Ernesto,Vaccarella,2028,2028-01-01,Italian,True,43,43,43,0,0,32
1201,Timo,von Stuck,2028,2028-01-01,German,True,43,43,43,0,0,49
1202,Giacomo,Morbidelli,2028,2028-01-01,Italian,True,43,43,43,0,0,49
1203,Azdrubal,González,2029,2029-01-01,Uruguayan,True,43,43,43,0,0,36
1204,Peter,May,2029,2029-01-01,Swiss,True,43,43,43,0,0,58
1205,Tomáš,Enge,2029,2029-01-01,Czech,True,43,43,43,0,0,39
1206,Michele,Bruni,2029,2029-01-01,Italian,True,43,43,43,0,0,37
1207,Pedro,Cabral,2030,2030-01-01,Portuguese,True,43,43,43,0,0,55
1208,Dave,Botha,2030,2030-01-01,South African,True,43,43,43,0,0,38
1209,Bobby,Daigh,2030,2030-01-01,American,True,43,43,43,0,0,40
1210,Patrick,Mazet,2030,2030-01-01,French,True,43,43,43,0,0,50
1211,Tim,Allison,2031,2031-01-01,British,True,43,43,43,0,0,56
1212,Nikita,Kvyat,2031,2031-01-01,Russian,True,43,43,43,0,0,34
1213,Satoru,Nakajima,2031,2031-01-01,Japanese,True,43,43,43,0,0,50
1214,Bill,Brown,2031,2031-01-01,British,True,43,43,43,0,0,45
1215,Jan,Nelleman,2032,2032-01-01,Danish,True,42,42,42,0,0,46
1216,Tommy,Kennedy,2032,2032-01-01,Irish,True,42,42,42,0,0,37
1217,Alex,Bueno,2032,2032-01-01,Brazilian,True,42,42,42,0,0,32
1218,Michael,Ulmen,2032,2032-01-01,German,True,42,42,42,0,0,59
1219,Geoff,Anderson,2033,2033-01-01,British,True,42,42,42,0,0,44
1220,Oliver,Emery,2033,2033-01-01,British,True,42,42,42,0,0,44
1221,Kurt,Heidfeld,2033,2033-01-01,German,True,42,42,42,0,0,51
1222,Hernando,Serra,2033,2033-01-01,Brazilian,True,42,42,42,0,0,53
1223,Don,Lewis-Evans,2034,2034-01-01,British,True,42,42,42,0,0,32
1224,Nelson,Barrichello,2034,2034-01-01,Brazilian,True,42,42,42,0,0,58
1225,Fabrizio,Franchi,2034,2034-01-01,Italian,True,42,42,42,0,0,38
1226,Jan,Pon,2034,2034-01-01,Dutch,True,42,42,42,0,0,41
1227,Bruce,van der Vyver,2035,2035-01-01,South African,True,42,42,42,0,0,43
1228,Anthony,Spence,2035,2035-01-01,British,True,42,42,42,0,0,48
1229,Albert,Fischer,2035,2035-01-01,Swiss,True,42,42,42,0,0,44
1230,Ian,Morgan,2035,2035-01-01,British,True,42,42,42,0,0,50
1231,Kurt,Schumacher,2036,2036-01-01,German,True,42,42,42,0,0,35
1232,Theo,Weidler,2036,2036-01-01,German,True,42,42,42,0,0,33
1233,Tarso,Zonta,2036,2036-01-01,Brazilian,True,42,42,42,0,0,54
1234,Piero,Mantovani,2036,2036-01-01,Italian,True,42,42,42,0,0,38
1235,Eric,d'Ambrosio,2037,2037-01-01,Belgian,True,42,42,42,0,0,49
1236,Philippe,Vergne,2037,2037-01-01,French,True,42,42,42,0,0,40
1237,Scott,Rahal,2037,2037-01-01,American,True,42,42,42,0,0,39
1238,Alessandro,Giunti,2037,2037-01-01,Italian,True,42,42,42,0,0,36
1239,Jos,Verstappen,2038,2038-01-01,Dutch,True,42,42,42,0,0,55
1240,Robin,Stewart,2038,2038-01-01,British,True,42,42,42,0,0,45
1241,Jochen,von Trips,2038,2038-01-01,German,True,42,42,42,0,0,57
1242,Jean,Cabantous,2038,2038-01-01,French,True,42,42,42,0,0,55
1243,Vern,Schuppan,2039,2039-01-01,Australian,True,42,42,42,0,0,41
1244,Timmy,Cogan,2039,2039-01-01,American,True,42,42,42,0,0,55
1245,Peter,Broeker,2039,2039-01-01,Canadian,True,42,42,42,0,0,50
1246,Antônio,Fittipaldi,2039,2039-01-01,Brazilian,True,42,42,42,0,0,57
1247,Hans,Glock,2040,2040-01-01,German,True,42,42,42,0,0,50
1248,Peter,Rees,2040,2040-01-01,British,True,42,42,42,0,0,59
1249,Alex,Maglioli,2040,2040-01-01,Italian,True,42,42,42,0,0,49
1250,Jean,Picard,2040,2040-01-01,French,True,42,42,42,0,0,37
1251,Bernard,Bianchi,2041,2041-01-01,Belgian,True,42,42,42,0,0,53
1252,Nicholas,Pease,2041,2041-01-01,Canadian,True,42,42,42,0,0,32
1253,Jesús,Tuero,2041,2041-01-01,Argentine,True,42,42,42,0,0,41
1254,Sergio,Leoni,2041,2041-01-01,Italian,True,42,42,42,0,0,46
1255,Gijs,Doornbos,2042,2042-01-01,Dutch,True,42,42,42,0,0,58
1256,John,Puzey,2042,2042-01-01,Rhodesian,True,42,42,42,0,0,32
1257,Alexander,Lauda,2042,2042-01-01,Austrian,True,42,42,42,0,0,59
1258,Graham,Ganley,2042,2042-01-01,New Zealander,True,42,42,42,0,0,58
1259,Johnny,Herbert,2043,2043-01-01,British,True,42,42,42,0,0,59
1260,Daniel,Brabham,2043,2043-01-01,Australian,True,42,42,42,0,0,34
1261,Antônio,Zonta,2043,2043-01-01,Brazilian,True,42,42,42,0,0,49
1262,Takuma,Suzuki,2043,2043-01-01,Japanese,True,42,42,42,0,0,43
1263,Umberto,Giacomelli,2044,2044-01-01,Italian,True,42,42,42,0,0,53
1264,Max,de Graffenried,2044,2044-01-01,Swiss,True,42,42,42,0,0,35
1265,René,Mazet,2044,2044-01-01,French,True,42,42,42,0,0,51
1266,Max,Délétraz,2044,2044-01-01,Swiss,True,42,42,42,0,0,45
1267,Jo,Berger,2045,2045-01-01,Austrian,True,42,42,42,0,0,45
1268,John,Latifi,2045,2045-01-01,Canadian,True,42,42,42,0,0,31
1269,Georges,Vandoorne,2045,2045-01-01,Belgian,True,42,42,42,0,0,40
1270,Ben,Albers,2045,2045-01-01,Dutch,True,42,42,42,0,0,35
1271,Heini,de Terra,2046,2046-01-01,Swiss,True,41,41,41,0,0,54
1272,Eliseo,Salazar,2046,2046-01-01,Chilean,True,41,41,41,0,0,46
1273,Geoff,Hunt,2046,2046-01-01,British,True,41,41,41,0,0,35
1274,Danny,Chamberlain,2046,2046-01-01,American,True,41,41,41,0,0,53
1275,John,Stroll,2047,2047-01-01,Canadian,True,41,41,41,0,0,53
1276,Alberto Rodriguez,Bordeu,2047,2047-01-01,Argentine,True,41,41,41,0,0,38
1277,Wolfgang,Hülkenberg,2047,2047-01-01,German,True,41,41,41,0,0,56
1278,Mário de Araújo,Lamy,2047,2047-01-01,Portuguese,True,41,41,41,0,0,30
1279,Arturo,Serafini,2048,2048-01-01,Italian,True,41,41,41,0,0,46
1280,Jackie,Scheckter,2048,2048-01-01,South African,True,41,41,41,0,0,53
1281,Jyrki,Salo,2048,2048-01-01,Finnish,True,41,41,41,0,0,55
1282,Bill,Cordts,2048,2048-01-01,Canadian,True,41,41,41,0,0,51
1283,Ignazio,Tarquini,2049,2049-01-01,Italian,True,41,41,41,0,0,45
1284,Pietro,Senna,2049,2049-01-01,Brazilian,True,41,41,41,0,0,42
1285,Horace,Purley,2049,2049-01-01,British,True,41,41,41,0,0,46
1286,Ken,Walker,2049,2049-01-01,British,True,41,41,41,0,0,32
1287,Les,Brown,2050,2050-01-01,British,True,41,41,41,0,0,49
1288,Jean,Schlesser,2050,2050-01-01,French,True,41,41,41,0,0,57
1289,John,Stroll,2050,2050-01-01,Canadian,True,41,41,41,0,0,52
1290,Robert,Flinterman,2050,2050-01-01,Dutch,True,41,41,41,0,0,48
1291,Willi,Bechem,2051,2051-01-01,German,True,41,41,41,0,0,50
1292,Yuki,Suzuki,2051,2051-01-01,Japanese,True,41,41,41,0,0,34
1293,Nelson,Barrichello,2051,2051-01-01,Brazilian,True,41,41,41,0,0,39
1294,John,Chilton,2051,2051-01-01,British,True,41,41,41,0,0,54
1295,Andrea,Bassi,2052,2052-01-01,Italian,True,41,41,41,0,0,48
1296,Logan,Jones,2052,2052-01-01,American,True,41,41,41,0,0,37
1297,Ian,Morgan,2052,2052-01-01,British,True,41,41,41,0,0,48
1298,Hans,Schneider,2052,2052-01-01,German,True,41,41,41,0,0,39
1299,Denny,Amon,2053,2053-01-01,New Zealander,True,41,41,41,0,0,40
1300,Tommy,Byrne,2053,2053-01-01,Irish,True,41,41,41,0,0,54
1301,Clive,Hocking,2053,2053-01-01,Rhodesian,True,41,41,41,0,0,46
1302,Yves,Manzon,2053,2053-01-01,French,True,41,41,41,0,0,42
1303,Piero,Gerini,2054,2054-01-01,Italian,True,41,41,41,0,0,54
1304,Teddy,Boutsen,2054,2054-01-01,Belgian,True,41,41,41,0,0,58
1305,Bob,Settember,2054,2054-01-01,American,True,41,41,41,0,0,33
1306,Mika,Kovalainen,2054,2054-01-01,Finnish,True,41,41,41,0,0,59
1307,Kenneth,Campbell-Jones,2055,2055-01-01,British,True,41,41,41,0,0,41
1308,Patrick,Comas,2055,2055-01-01,French,True,41,41,41,0,0,48
1309,Piero,Liuzzi,2055,2055-01-01,Italian,True,41,41,41,0,0,47
1310,Carlos,Bueno,2055,2055-01-01,Brazilian,True,41,41,41,0,0,49
1311,Nello,Mantovani,2056,2056-01-01,Italian,True,41,41,41,0,0,53
1312,Noritake,Fushida,2056,2056-01-01,Japanese,True,41,41,41,0,0,47
1313,Kamui,Takahashi,2056,2056-01-01,Japanese,True,41,41,41,0,0,41
1314,Phil,Posey,2056,2056-01-01,American,True,41,41,41,0,0,42
1315,Jan,Bleekemolen,2057,2057-01-01,Dutch,True,41,41,41,0,0,45
1316,Roberto,Gerini,2057,2057-01-01,Italian,True,41,41,41,0,0,47
1317,Hans,Wurz,2057,2057-01-01,Austrian,True,41,41,41,0,0,35
1318,Kevin,Fisher,2057,2057-01-01,American,True,41,41,41,0,0,49
1319,Ernie,Wilson,2058,2058-01-01,South African,True,41,41,41,0,0,47
1320,Eric,Gachot,2058,2058-01-01,Belgian,True,41,41,41,0,0,56
1321,Gianni,Merzario,2058,2058-01-01,Italian,True,41,41,41,0,0,46
1322,Roberto,Schiattarella,2058,2058-01-01,Italian,True,41,41,41,0,0,32
1323,Johnny,Gaillard,2059,2059-01-01,French,True,41,41,41,0,0,51
1324,Max,Albers,2059,2059-01-01,Dutch,True,41,41,41,0,0,31
1325,Pascal,Chaboud,2059,2059-01-01,French,True,41,41,41,0,0,51
1326,Richie,Kessler,2059,2059-01-01,American,True,41,41,41,0,0,30
1327,Kurt,Danner,2060,2060-01-01,German,True,41,41,41,0,0,45
1328,Nanni,Zorzi,2060,2060-01-01,Italian,True,41,41,41,0,0,35
1329,Nino,de Riu,2060,2060-01-01,Italian,True,40,40,40,0,0,49
1330,Sergio,Pérez,2060,2060-01-01,Mexican,True,40,40,40,0,0,38
1331,Eitel,Fontes,2061,2061-01-01,Uruguayan,True,40,40,40,0,0,45
1332,Otto,Friesacher,2061,2061-01-01,Austrian,True,40,40,40,0,0,37
1333,Hans-Joachim,Seidel,2061,2061-01-01,German,True,40,40,40,0,0,50
1334,Carlo,Patrese,2061,2061-01-01,Italian,True,40,40,40,0,0,53
1335,Enrique,da Silva Ramos,2062,2062-01-01,Brazilian,True,40,40,40,0,0,39
1336,Hans,Gartner,2062,2062-01-01,Austrian,True,40,40,40,0,0,57
1337,Gianni,Naspetti,2062,2062-01-01,Italian,True,40,40,40,0,0,58
1338,John,Donnelly,2062,2062-01-01,British,True,40,40,40,0,0,55
1339,Bruce,Maggs,2063,2063-01-01,South African,True,40,40,40,0,0,45
1340,Herbert,Andretti,2063,2063-01-01,American,True,40,40,40,0,0,48
1341,Mike,Crawford,2063,2063-01-01,British,True,40,40,40,0,0,37
1342,Alex,Marques,2063,2063-01-01,Brazilian,True,40,40,40,0,0,47
1343,Roberto,Iglesias,2064,2064-01-01,Argentine,True,40,40,40,0,0,34
1344,Edgar,Bartels,2064,2064-01-01,German,True,40,40,40,0,0,44
1345,Noritake,Nakajima,2064,2064-01-01,Japanese,True,40,40,40,0,0,44
1346,Bruce,Nicholson,2064,2064-01-01,New Zealander,True,40,40,40,0,0,52
1347,Jacques,Revson,2065,2065-01-01,American,True,40,40,40,0,0,48
1348,Eddie,Clapham,2065,2065-01-01,South African,True,40,40,40,0,0,30
1349,Wilson,Bernoldi,2065,2065-01-01,Brazilian,True,40,40,40,0,0,32
1350,Gianmaria,Galli,2065,2065-01-01,Italian,True,40,40,40,0,0,32
1351,Will,Piper,2066,2066-01-01,British,True,40,40,40,0,0,32
1352,Hector,Rodríguez,2066,2066-01-01,Mexican,True,40,40,40,0,0,42
1353,Charles,Leclerc,2066,2066-01-01,Monegasque,True,40,40,40,0,0,32
1354,Robert,Sommer,2066,2066-01-01,French,True,40,40,40,0,0,55
1355,Peter,Bailey,2067,2067-01-01,British,True,40,40,40,0,0,57
1356,Peter,Crossley,2067,2067-01-01,British,True,40,40,40,0,0,35
1357,George,Dochnal,2067,2067-01-01,American,True,40,40,40,0,0,30
1358,Tony,Coulthard,2067,2067-01-01,British,True,40,40,40,0,0,51
1359,Johnny,Beltoise,2068,2068-01-01,French,True,40,40,40,0,0,56
1360,Prince,Bira,2068,2068-01-01,Thai,True,40,40,40,0,0,34
1361,Tony,Parnell,2068,2068-01-01,British,True,40,40,40,0,0,43
1362,Adrián,de la Rosa,2068,2068-01-01,Spanish,True,40,40,40,0,0,58
1363,Philippe,Simon,2069,2069-01-01,French,True,40,40,40,0,0,53
1364,John,Nicholson,2069,2069-01-01,New Zealander,True,40,40,40,0,0,58
1365,Pedro,Monteiro,2069,2069-01-01,Portuguese,True,40,40,40,0,0,39
1366,Bill,Whitehouse,2069,2069-01-01,British,True,40,40,40,0,0,58
1367,Jules,Dolhem,2070,2070-01-01,French,True,40,40,40,0,0,53
1368,Fritz,Frentzen,2070,2070-01-01,German,True,40,40,40,0,0,47
1369,Toulo,Schiller,2070,2070-01-01,Swiss,True,40,40,40,0,0,48
1370,Eliseo,Salazar,2070,2070-01-01,Chilean,True,40,40,40,0,0,37
1371,George,Barber,2071,2071-01-01,British,True,40,40,40,0,0,41
1372,Adrian,Mass,2071,2071-01-01,German,True,40,40,40,0,0,39
1373,Stoffel,Boutsen,2071,2071-01-01,Belgian,True,40,40,40,0,0,30
1374,Jim,Rahal,2071,2071-01-01,American,True,40,40,40,0,0,50
1375,Stoffel,Frère,2072,2072-01-01,Belgian,True,40,40,40,0,0,36
1376,Jim,Poore,2072,2072-01-01,British,True,40,40,40,0,0,45
1377,Ralph,Kelly,2072,2072-01-01,Irish,True,40,40,40,0,0,55
1378,Bob,Surtees,2072,2072-01-01,British,True,40,40,40,0,0,56
1379,Jean-Pierre,Louveau,2073,2073-01-01,French,True,40,40,40,0,0,43
1380,Walt,Ruby,2073,2073-01-01,American,True,40,40,40,0,0,41
1381,Pedro,Rodríguez,2073,2073-01-01,Mexican,True,40,40,40,0,0,43
1382,Óscar,Cantoni,2073,2073-01-01,Uruguayan,True,40,40,40,0,0,44
1383,Bernd,Heyer,2074,2074-01-01,German,True,40,40,40,0,0,52
1384,Charles,Gendebien,2074,2074-01-01,Belgian,True,40,40,40,0,0,30
1385,Nanni,Russo,2074,2074-01-01,Italian,True,40,40,40,0,0,44
1386,Brian,Morgan,2074,2074-01-01,British,True,40,40,40,0,0,32
1387,Jorge,Menditeguy,2075,2075-01-01,Argentine,True,40,40,40,0,0,44
1388,Harry,Ruttman,2075,2075-01-01,American,True,40,40,40,0,0,35
1389,Brendon,McRae,2075,2075-01-01,New Zealander,True,39,39,39,0,0,52
1390,Karun,Karthikeyan,2075,2075-01-01,Indian,True,39,39,39,0,0,44
1391,Clemente,Fabi,2076,2076-01-01,Italian,True,39,39,39,0,0,32
1392,Nyck,de Beaufort,2076,2076-01-01,Dutch,True,39,39,39,0,0,50
1393,Joe,Kelly,2076,2076-01-01,Irish,True,39,39,39,0,0,52
1394,Ernie,Charlton,2076,2076-01-01,South African,True,39,39,39,0,0,58
1395,George,Andretti,2077,2077-01-01,American,True,39,39,39,0,0,47
1396,David,Reed,2077,2077-01-01,South African,True,39,39,39,0,0,49
1397,Brausch,Keizan,2077,2077-01-01,South African,True,39,39,39,0,0,59
1398,Brian,Lawrence,2077,2077-01-01,British,True,39,39,39,0,0,45
1399,Roger,Acheson,2078,2078-01-01,British,True,39,39,39,0,0,48
1400,Antônio,Fittipaldi,2078,2078-01-01,Brazilian,True,39,39,39,0,0,45
1401,Paul,Piastri,2078,2078-01-01,Australian,True,39,39,39,0,0,45
1402,Al,Latifi,2078,2078-01-01,Canadian,True,39,39,39,0,0,46
1403,Arthur,Irwin,2079,2079-01-01,British,True,39,39,39,0,0,34
1404,Ricardo,Fittipaldi,2079,2079-01-01,Brazilian,True,39,39,39,0,0,53
1405,Sergio,Rodríguez,2079,2079-01-01,Mexican,True,39,39,39,0,0,54
1406,Nanni,Zanardi,2079,2079-01-01,Italian,True,39,39,39,0,0,31
1407,Tony,Scheckter,2080,2080-01-01,South African,True,39,39,39,0,0,37
1408,Mike,Brundle,2080,2080-01-01,British,True,39,39,39,0,0,47
1409,Al,Ryan,2080,2080-01-01,Canadian,True,39,39,39,0,0,40
1410,Bruno,Piquet,2080,2080-01-01,Brazilian,True,39,39,39,0,0,35
1411,Brian,Bridger,2081,2081-01-01,British,True,39,39,39,0,0,52
1412,Peter,Bueb,2081,2081-01-01,British,True,39,39,39,0,0,51
1413,Oswald,Herrmann,2081,2081-01-01,German,True,39,39,39,0,0,34
1414,Domenico,Maglioli,2081,2081-01-01,Italian,True,39,39,39,0,0,35
1415,Giancarlo,Morbidelli,2082,2082-01-01,Italian,True,39,39,39,0,0,32
1416,Jo,Surer,2082,2082-01-01,Swiss,True,39,39,39,0,0,43
1417,Rupert,Anderson,2082,2082-01-01,British,True,39,39,39,0,0,46
1418,Jacques,Bourdais,2082,2082-01-01,French,True,39,39,39,0,0,58
1419,Luigi,Patrese,2083,2083-01-01,Italian,True,39,39,39,0,0,30
1420,Claudio,Gerini,2083,2083-01-01,Italian,True,39,39,39,0,0,39
1421,David,Acheson,2083,2083-01-01,British,True,39,39,39,0,0,36
1422,Alberto Rodriguez,Estéfano,2083,2083-01-01,Argentine,True,39,39,39,0,0,38
1423,Guanyu,Zhou,2084,2084-01-01,Chinese,True,39,39,39,0,0,52
1424,Jay,Andretti,2084,2084-01-01,American,True,39,39,39,0,0,48
1425,Lucas,da Silva Ramos,2084,2084-01-01,Brazilian,True,39,39,39,0,0,52
1426,Michael,Winkelhock,2084,2084-01-01,German,True,39,39,39,0,0,54
1427,Renzo,Brambilla,2085,2085-01-01,Italian,True,39,39,39,0,0,32
1428,Louis,Leclerc,2085,2085-01-01,Monegasque,True,39,39,39,0,0,30
1429,Menato,Sospiri,2085,2085-01-01,Italian,True,39,39,39,0,0,47
1430,Alan,McGuire,2085,2085-01-01,Australian,True,39,39,39,0,0,35
1431,Clay,May,2086,2086-01-01,Swiss,True,39,39,39,0,0,54
1432,Geoff,Marsh,2086,2086-01-01,British,True,39,39,39,0,0,58
1433,Nelson,Gugelmin,2086,2086-01-01,Brazilian,True,39,39,39,0,0,53
1434,Hans,Pietsch,2086,2086-01-01,German,True,39,39,39,0,0,48
1435,John,Puzey,2087,2087-01-01,Rhodesian,True,39,39,39,0,0,43
1436,Roy,Miles,2087,2087-01-01,British,True,39,39,39,0,0,42
1437,Karl,Stuppacher,2087,2087-01-01,Austrian,True,39,39,39,0,0,51
1438,Lucas,Gugelmin,2087,2087-01-01,Brazilian,True,39,39,39,0,0,33
1439,Lamberto,Stohr,2088,2088-01-01,Italian,True,39,39,39,0,0,45
1440,Andrea,Villoresi,2088,2088-01-01,Italian,True,39,39,39,0,0,44
1441,Jean,Pescarolo,2088,2088-01-01,French,True,39,39,39,0,0,33
1442,Tom,Belsø,2088,2088-01-01,Danish,True,39,39,39,0,0,58
1443,Olivier,de Changy,2089,2089-01-01,Belgian,True,39,39,39,0,0,40
1444,Didier,Collomb,2089,2089-01-01,French,True,39,39,39,0,0,37
1445,Guanyu,Zhou,2089,2089-01-01,Chinese,True,39,39,39,0,0,44
1446,Lorenzo,Barbazza,2089,2089-01-01,Italian,True,39,39,39,0,0,49
1447,Pierluigi,Liuzzi,2090,2090-01-01,Italian,True,39,39,39,0,0,46
1448,Boy,Lammers,2090,2090-01-01,Dutch,True,39,39,39,0,0,46
1449,Don,Nuckey,2090,2090-01-01,British,True,39,39,39,0,0,48
1450,Bob,James,2090,2090-01-01,British,True,39,39,39,0,0,39
1451,Martin,Johnson,2091,2091-01-01,British,True,38,38,38,0,0,43
1452,Ken,Rollinson,2091,2091-01-01,British,True,38,38,38,0,0,50
1453,Mike,Hampshire,2091,2091-01-01,British,True,38,38,38,0,0,39
1454,Toranosuke,Hattori,2091,2091-01-01,Japanese,True,38,38,38,0,0,41
1455,Tiago,Chaves,2092,2092-01-01,Portuguese,True,38,38,38,0,0,50
1456,Jacques,Lucas,2092,2092-01-01,French,True,38,38,38,0,0,46
1457,Claudio,Fabi,2092,2092-01-01,Italian,True,38,38,38,0,0,32
1458,Nyck,de Beaufort,2092,2092-01-01,Dutch,True,38,38,38,0,0,38
1459,Keke,Kinnunen,2093,2093-01-01,Finnish,True,38,38,38,0,0,58
1460,Jean,Rosier,2093,2093-01-01,French,True,38,38,38,0,0,51
1461,Oscar,Guerra,2093,2093-01-01,Argentine,True,38,38,38,0,0,50
1462,Roberto,Zonta,2093,2093-01-01,Brazilian,True,38,38,38,0,0,41
1463,Consalvo,Amati,2094,2094-01-01,Italian,True,38,38,38,0,0,42
1464,Alfonso,Sainz,2094,2094-01-01,Spanish,True,38,38,38,0,0,44
1465,Harry,Bondurant,2094,2094-01-01,American,True,38,38,38,0,0,58
1466,Alan,Walker,2094,2094-01-01,Australian,True,38,38,38,0,0,32
1467,Gerhard,Mass,2095,2095-01-01,German,True,38,38,38,0,0,44
1468,Paul,Bearman,2095,2095-01-01,British,True,38,38,38,0,0,38
1469,Ron,Marsh,2095,2095-01-01,British,True,38,38,38,0,0,56
1470,Vitantonio,Trulli,2095,2095-01-01,Italian,True,38,38,38,0,0,32
1471,Luki,Clapham,2096,2096-01-01,South African,True,38,38,38,0,0,55
1472,Charles,Bianchi,2096,2096-01-01,French,True,38,38,38,0,0,59
1473,Jimmy,Moss,2096,2096-01-01,British,True,38,38,38,0,0,37
1474,Phil,Reventlow,2096,2096-01-01,American,True,38,38,38,0,0,43
1475,Jo,Rindt,2097,2097-01-01,Austrian,True,38,38,38,0,0,58
1476,Nanni,Giovinazzi,2097,2097-01-01,Italian,True,38,38,38,0,0,51
1477,Chico,Fittipaldi,2097,2097-01-01,Brazilian,True,38,38,38,0,0,52
1478,Johnny,Pilette,2097,2097-01-01,Belgian,True,38,38,38,0,0,51
1479,Alex,Yoong,2098,2098-01-01,Malaysian,True,38,38,38,0,0,56
1480,Oscar,Bonomi,2098,2098-01-01,Argentine,True,38,38,38,0,0,36
1481,Ettore,Cecotto,2098,2098-01-01,Venezuelan,True,38,38,38,0,0,58
1482,Ayrton,Landi,2098,2098-01-01,Brazilian,True,38,38,38,0,0,43
1483,Theo,Frentzen,2099,2099-01-01,German,True,38,38,38,0,0,54
1484,Piers,Schroeder,2099,2099-01-01,British,True,38,38,38,0,0,56
1485,Pedro,Rodríguez,2099,2099-01-01,Mexican,True,38,38,38,0,0,59
1486,Bernard,Legat,2099,2099-01-01,Belgian,True,38,38,38,0,0,37
1487,Mario,Jones,2100,2100-01-01,American,True,38,38,38,0,0,52
1488,Jackie,Anderson,2100,2100-01-01,British,True,38,38,38,0,0,45
1489,Peter,Oliver,2100,2100-01-01,British,True,38,38,38,0,0,40
1490,Max,Bristow,2100,2100-01-01,British,True,38,38,38,0,0,43
1491,Carlos,Birger,2101,2101-01-01,Argentine,True,38,38,38,0,0,39
1492,George,Ongais,2101,2101-01-01,American,True,38,38,38,0,0,52
1493,Daniel,Hawkins,2101,2101-01-01,Australian,True,38,38,38,0,0,55
1494,Piercarlo,Rol,2101,2101-01-01,Italian,True,38,38,38,0,0,51
1495,Robert,Kubica,2102,2102-01-01,Polish,True,38,38,38,0,0,44
1496,Teddy,Vandoorne,2102,2102-01-01,Belgian,True,38,38,38,0,0,44
1497,Romain,Pescarolo,2102,2102-01-01,French,True,38,38,38,0,0,53
1498,Desiré,Harris,2102,2102-01-01,South African,True,38,38,38,0,0,37
1499,Emilio,Zapico,2103,2103-01-01,Spanish,True,38,38,38,0,0,57
1500,Nicolas,Magnussen,2103,2103-01-01,Danish,True,38,38,38,0,0,54
1501,Jim,Pryce,2103,2103-01-01,British,True,38,38,38,0,0,46
1502,Alex,Musso,2103,2103-01-01,Italian,True,38,38,38,0,0,31
1503,Franck,Hesnault,2104,2104-01-01,French,True,38,38,38,0,0,40
1504,Lando,Moss,2104,2104-01-01,British,True,38,38,38,0,0,32
1505,Basil,Maggs,2104,2104-01-01,South African,True,38,38,38,0,0,33
1506,Keith,Russell,2104,2104-01-01,British,True,38,38,38,0,0,54
1507,Michele,Natili,2105,2105-01-01,Italian,True,38,38,38,0,0,38
1508,Mike,Ganley,2105,2105-01-01,New Zealander,True,38,38,38,0,0,50
1509,Nanni,Baldi,2105,2105-01-01,Italian,True,38,38,38,0,0,55
1510,Basil,Wilson,2105,2105-01-01,South African,True,38,38,38,0,0,39
1511,David,Palmer,2106,2106-01-01,British,True,38,38,38,0,0,42
1512,Alessandro,de Tomaso,2106,2106-01-01,Argentine-Italian,True,38,38,38,0,0,30
1513,Josef,Karch,2106,2106-01-01,German,True,38,38,38,0,0,34
1514,Jochen,Klien,2106,2106-01-01,Austrian,True,38,38,38,0,0,38
1515,Bruno,Fittipaldi,2107,2107-01-01,Brazilian,True,37,37,37,0,0,31
1516,Rupert,Dumfries,2107,2107-01-01,British,True,37,37,37,0,0,33
1517,Alex,Pirocchi,2107,2107-01-01,Italian,True,37,37,37,0,0,57
1518,Philippe,Chaboud,2107,2107-01-01,French,True,37,37,37,0,0,38
1519,Robin,Henton,2108,2108-01-01,British,True,37,37,37,0,0,54
1520,Adolfo,Fontana,2108,2108-01-01,Argentine,True,37,37,37,0,0,42
1521,Toshio,Kobayashi,2108,2108-01-01,Japanese,True,37,37,37,0,0,46
1522,Rudolf,Krause,2108,2108-01-01,East German,True,37,37,37,0,0,33
1523,Stéphane,Migault,2109,2109-01-01,French,True,37,37,37,0,0,59
1524,Giancarlo,Colombo,2109,2109-01-01,Italian,True,37,37,37,0,0,36
1525,Sam,Shelby,2109,2109-01-01,American,True,37,37,37,0,0,48
1526,Eugène,Picard,2109,2109-01-01,French,True,37,37,37,0,0,35
1527,Stefan,von Stuck,2110,2110-01-01,German,True,37,37,37,0,0,44
1528,Tom,Scott Brown,2110,2110-01-01,British,True,37,37,37,0,0,59
1529,Tony,Hobbs,2110,2110-01-01,British,True,37,37,37,0,0,58
1530,Lamberto,Serafini,2110,2110-01-01,Italian,True,37,37,37,0,0,55
1531,Stephen,Crossley,2111,2111-01-01,British,True,37,37,37,0,0,52
1532,Kazuyoshi,Nakajima,2111,2111-01-01,Japanese,True,37,37,37,0,0,30
1533,Alessandro,de Tomaso,2111,2111-01-01,Argentine-Italian,True,37,37,37,0,0,37
1534,Tom,Arundell,2111,2111-01-01,British,True,37,37,37,0,0,54
1535,Roberto,Zunino,2112,2112-01-01,Argentine,True,37,37,37,0,0,44
1536,Peter,van der Vyver,2112,2112-01-01,South African,True,37,37,37,0,0,59
1537,Kenneth,Schroeder,2112,2112-01-01,British,True,37,37,37,0,0,49
1538,Robert,Hansgen,2112,2112-01-01,American,True,37,37,37,0,0,52
1539,Paul,Henton,2113,2113-01-01,British,True,37,37,37,0,0,55
1540,Johnny,Gendebien,2113,2113-01-01,Belgian,True,37,37,37,0,0,50
1541,Ivor,Thorne,2113,2113-01-01,British,True,37,37,37,0,0,49
1542,Conny,Johansson,2113,2113-01-01,Swedish,True,37,37,37,0,0,50
1543,Carlos,Pián,2114,2114-01-01,Argentine,True,37,37,37,0,0,48
1544,Günther,Karch,2114,2114-01-01,German,True,37,37,37,0,0,31
1545,Bob,Naylor,2114,2114-01-01,British,True,37,37,37,0,0,47
1546,David,Perkins,2114,2114-01-01,Australian,True,37,37,37,0,0,43
1547,Jackie,Taylor,2115,2115-01-01,British,True,37,37,37,0,0,34
1548,Jean-Pierre,Étancelin,2115,2115-01-01,French,True,37,37,37,0,0,44
1549,Gary,Jones,2115,2115-01-01,Australian,True,37,37,37,0,0,42
1550,Kimi,Bottas,2115,2115-01-01,Finnish,True,37,37,37,0,0,47
1551,Elio,Boffa,2116,2116-01-01,Italian,True,37,37,37,0,0,47
1552,Toranosuke,Yamamoto,2116,2116-01-01,Japanese,True,37,37,37,0,0,36
1553,Tom,Wharton,2116,2116-01-01,British,True,37,37,37,0,0,31
1554,David,Brown,2116,2116-01-01,British,True,37,37,37,0,0,33
1555,Mark,Posey,2117,2117-01-01,American,True,37,37,37,0,0,50
1556,David,Scheckter,2117,2117-01-01,South African,True,37,37,37,0,0,44
1557,George,Villeneuve,2117,2117-01-01,Canadian,True,37,37,37,0,0,49
1558,Jacques,Andretti,2117,2117-01-01,American,True,37,37,37,0,0,36
1559,Jarno,Apicella,2118,2118-01-01,Italian,True,37,37,37,0,0,52
1560,Nigel,Anderson,2118,2118-01-01,British,True,37,37,37,0,0,57
1561,François,Behra,2118,2118-01-01,French,True,37,37,37,0,0,54
1562,Piers,Henton,2118,2118-01-01,British,True,37,37,37,0,0,37
1563,Kazuyoshi,Fushida,2119,2119-01-01,Japanese,True,37,37,37,0,0,33
1564,Mick,Danner,2119,2119-01-01,German,True,37,37,37,0,0,55
1565,Paul,Ickx,2119,2119-01-01,Belgian,True,37,37,37,0,0,33
1566,Ron,di Resta,2119,2119-01-01,British,True,37,37,37,0,0,40
1567,Josef,Loof,2120,2120-01-01,German,True,37,37,37,0,0,31
1568,Geoff,Piper,2120,2120-01-01,British,True,37,37,37,0,0,45
1569,Prince,Bira,2120,2120-01-01,Thai,True,37,37,37,0,0,36
1570,Reg,Taylor,2120,2120-01-01,British,True,37,37,37,0,0,42
1571,Roberto,Apicella,2121,2121-01-01,Italian,True,37,37,37,0,0,34
1572,Derek,Edwards,2121,2121-01-01,British,True,37,37,37,0,0,42
1573,Beppe,Tarquini,2121,2121-01-01,Italian,True,37,37,37,0,0,39
1574,Will,Schroeder,2121,2121-01-01,British,True,37,37,37,0,0,57
1575,Brian,Brabham,2122,2122-01-01,Australian,True,37,37,37,0,0,43
1576,Jean-Louis,Louveau,2122,2122-01-01,French,True,37,37,37,0,0,31
1577,Max,Depailler,2122,2122-01-01,French,True,37,37,37,0,0,37
1578,Lamberto,de Riu,2122,2122-01-01,Italian,True,37,37,37,0,0,35
1579,Miguel Ángel,Larrauri,2123,2123-01-01,Argentine,True,37,37,37,0,0,44
1580,Ricardo,Rodríguez,2123,2123-01-01,Mexican,True,37,37,37,0,0,45
1581,Jacques,Fabre,2123,2123-01-01,French,True,36,36,36,0,0,41
1582,Stefano,Langes,2123,2123-01-01,Italian,True,36,36,36,0,0,40
1583,Jackie,Lewis,2124,2124-01-01,British,True,36,36,36,0,0,40
1584,Rudi,Délétraz,2124,2124-01-01,Swiss,True,36,36,36,0,0,30
1585,Fred,Lunger,2124,2124-01-01,American,True,36,36,36,0,0,33
1586,André,Jean,2124,2124-01-01,French,True,36,36,36,0,0,49
1587,Dries,Albers,2125,2125-01-01,Dutch,True,36,36,36,0,0,48
1588,Jacques,Villeneuve,2125,2125-01-01,Canadian,True,36,36,36,0,0,37
1589,Neville,Reed,2125,2125-01-01,South African,True,36,36,36,0,0,41
1590,Derek,Thompson,2125,2125-01-01,British,True,36,36,36,0,0,35
1591,Arthur,Pilette,2126,2126-01-01,Belgian,True,36,36,36,0,0,32
1592,Chuck,Fitch,2126,2126-01-01,American,True,36,36,36,0,0,53
1593,Max,Walker,2126,2126-01-01,British,True,36,36,36,0,0,32
1594,Bruce,Charlton,2126,2126-01-01,South African,True,36,36,36,0,0,56
1595,Jacques,Raphanel,2127,2127-01-01,French,True,36,36,36,0,0,30
1596,Ludovico,Vaccarella,2127,2127-01-01,Italian,True,36,36,36,0,0,30
1597,Philippe,Ocon,2127,2127-01-01,French,True,36,36,36,0,0,54
1598,Wolfgang,Kuhnke,2127,2127-01-01,German,True,36,36,36,0,0,43
1599,Mark,Dochnal,2128,2128-01-01,American,True,36,36,36,0,0,36
1600,John,Brundle,2128,2128-01-01,British,True,36,36,36,0,0,56
1601,Alberto,González,2128,2128-01-01,Argentine,True,36,36,36,0,0,50
1602,Franck,Beltoise,2128,2128-01-01,French,True,36,36,36,0,0,48
1603,Christian,Diniz,2129,2129-01-01,Brazilian,True,36,36,36,0,0,57
1604,Pierre,Hesnault,2129,2129-01-01,French,True,36,36,36,0,0,58
1605,Alexander,Reventlow,2129,2129-01-01,American,True,36,36,36,0,0,41
1606,Marc,Soler-Roig,2129,2129-01-01,Spanish,True,36,36,36,0,0,42
1607,Paul,Stuck,2130,2130-01-01,German,True,36,36,36,0,0,59
1608,Thomas,Sargeant,2130,2130-01-01,American,True,36,36,36,0,0,45
1609,Clive,Puzey,2130,2130-01-01,Rhodesian,True,36,36,36,0,0,46
1610,Érik,Leclère,2130,2130-01-01,French,True,36,36,36,0,0,43
1611,Umberto,Bandini,2131,2131-01-01,Italian,True,36,36,36,0,0,59
1612,Neville,Johnstone,2131,2131-01-01,South African,True,36,36,36,0,0,31
1613,Tony,South,2131,2131-01-01,British,True,36,36,36,0,0,34
1614,Brian,Duke,2131,2131-01-01,British,True,36,36,36,0,0,42
1615,Emanuele,Zanardi,2132,2132-01-01,Italian,True,36,36,36,0,0,31
1616,Cliff,Craft,2132,2132-01-01,British,True,36,36,36,0,0,44
1617,Carroll,Follmer,2132,2132-01-01,American,True,36,36,36,0,0,50
1618,Neville,Blignaut,2132,2132-01-01,South African,True,36,36,36,0,0,38
1619,Alessandro,de Tomaso,2133,2133-01-01,Argentine-Italian,True,36,36,36,0,0,33
1620,Karl,Friesacher,2133,2133-01-01,Austrian,True,36,36,36,0,0,32
1621,Leslie,Thorne,2133,2133-01-01,British,True,36,36,36,0,0,31
1622,Emanuele,Gerini,2133,2133-01-01,Italian,True,36,36,36,0,0,52
1623,Fritz,Vettel,2134,2134-01-01,German,True,36,36,36,0,0,57
1624,Bernard,Dolhem,2134,2134-01-01,French,True,36,36,36,0,0,35
1625,Jimmy,Brooks,2134,2134-01-01,British,True,36,36,36,0,0,49
1626,Chico,Piquet,2134,2134-01-01,Brazilian,True,36,36,36,0,0,36
1627,Oscar,Pián,2135,2135-01-01,Argentine,True,36,36,36,0,0,45
1628,Bernd,Stuck,2135,2135-01-01,German,True,36,36,36,0,0,52
1629,Carlos,Fittipaldi,2135,2135-01-01,Brazilian,True,36,36,36,0,0,41
1630,Rodger,Cade,2135,2135-01-01,American,True,36,36,36,0,0,54
1631,Ted,Naylor,2136,2136-01-01,British,True,36,36,36,0,0,56
1632,Derek,Daly,2136,2136-01-01,Irish,True,36,36,36,0,0,33
1633,Nasif,Gálvez,2136,2136-01-01,Argentine,True,36,36,36,0,0,59
1634,Hubert,Winkelhock,2136,2136-01-01,German,True,36,36,36,0,0,35
1635,Manfred,von Trips,2137,2137-01-01,German,True,36,36,36,0,0,48
1636,Stephen,Stewart,2137,2137-01-01,British,True,36,36,36,0,0,57
1637,Carlos,Soler-Roig,2137,2137-01-01,Spanish,True,36,36,36,0,0,50
1638,Nyck,Albers,2137,2137-01-01,Dutch,True,36,36,36,0,0,49
1639,Bill,Whiteaway,2138,2138-01-01,British,True,36,36,36,0,0,32
1640,José,Pollet,2138,2138-01-01,French,True,36,36,36,0,0,32
1641,Kenny,Taylor,2138,2138-01-01,British,True,36,36,36,0,0,51
1642,Adrián,Alonso,2138,2138-01-01,Spanish,True,36,36,36,0,0,45
1643,Nick,Adolff,2139,2139-01-01,German,True,36,36,36,0,0,34
1644,Lance,Gerard,2139,2139-01-01,British,True,36,36,36,0,0,40
1645,Jonathan,Morgan,2139,2139-01-01,British,True,36,36,36,0,0,45
1646,Graham,Taylor,2139,2139-01-01,British,True,36,36,36,0,0,55
1647,Nikita,Sirotkin,2140,2140-01-01,Russian,True,36,36,36,0,0,38
1648,Felipe,Marques,2140,2140-01-01,Brazilian,True,36,36,36,0,0,33
1649,Julian,Barber,2140,2140-01-01,British,True,35,35,35,0,0,39
1650,Kurt,Hülkenberg,2140,2140-01-01,German,True,35,35,35,0,0,53
